Total Slots,Occupied Slots,Available Slots,Timestamp
0,0,0,2026-04-12 15:10:18
0,0,0,2026-04-12 15:10:19
0,0,0,2026-04-12 15:10:20
0,0,0,2026-04-12 15:10:21
0,0,0,2026-04-12 15:10:22
0,0,0,2026-04-12 15:10:23
0,0,0,2026-04-12 15:10:24
0,0,0,2026-04-12 15:10:25
0,0,0,2026-04-12 15:10:26
0,0,0,2026-04-12 15:10:27
0,0,0,2026-04-12 15:10:28
0,0,0,2026-04-12 15:10:29
0,0,0,2026-04-12 15:10:30
0,0,0,2026-04-12 15:10:31
0,0,0,2026-04-12 15:10:32
0,0,0,2026-04-12 15:10:33
0,0,0,2026-04-12 15:10:34
0,0,0,2026-04-12 15:10:35
0,0,0,2026-04-12 15:10:36
0,0,0,2026-04-12 15:10:37
0,0,0,2026-04-12 15:10:38
0,0,0,2026-04-12 15:10:39
0,0,0,2026-04-12 15:10:40
0,0,0,2026-04-12 15:10:41
0,0,0,2026-04-12 15:10:43
0,0,0,2026-04-12 15:10:43
0,0,0,2026-04-12 15:10:44
0,0,0,2026-04-12 15:10:45
0,0,0,2026-04-12 15:10:46
0,0,0,2026-04-12 15:10:47
0,0,0,2026-04-12 15:10:48
0,0,0,2026-04-12 15:10:49
0,0,0,2026-04-12 15:10:50
0,0,0,2026-04-12 15:10:52
0,0,0,2026-04-12 15:10:53
0,0,0,2026-04-12 15:10:54
0,0,0,2026-04-12 15:10:55
0,0,0,2026-04-12 15:10:56
0,0,0,2026-04-12 15:10:57
0,0,0,2026-04-12 15:10:58
0,0,0,2026-04-12 15:10:59
0,0,0,2026-04-12 15:11:00
0,0,0,2026-04-12 15:11:01
0,0,0,2026-04-12 15:11:02
0,0,0,2026-04-12 15:11:03
0,0,0,2026-04-12 15:11:04
0,0,0,2026-04-12 15:11:05
0,0,0,2026-04-12 15:11:06
0,0,0,2026-04-12 15:11:07
0,0,0,2026-04-12 15:11:08
0,0,0,2026-04-12 15:11:09
0,0,0,2026-04-12 15:11:10
0,0,0,2026-04-12 15:11:11
0,0,0,2026-04-12 15:11:12
0,0,0,2026-04-12 15:11:13
0,0,0,2026-04-12 15:11:14
0,0,0,2026-04-12 15:11:15
0,0,0,2026-04-12 15:11:16
0,0,0,2026-04-12 15:11:17
0,0,0,2026-04-12 15:11:18
0,0,0,2026-04-12 15:11:19
0,0,0,2026-04-12 15:11:20
0,0,0,2026-04-12 15:11:21
0,0,0,2026-04-12 15:11:22
0,0,0,2026-04-12 15:11:23
0,0,0,2026-04-12 15:11:24
0,0,0,2026-04-12 15:11:25
0,0,0,2026-04-12 15:11:26
11,7,4,2026-04-12 15:39:26
11,7,4,2026-04-12 15:39:27
11,7,4,2026-04-12 15:39:28
11,7,4,2026-04-12 15:39:29
11,8,3,2026-04-12 15:39:30
11,8,3,2026-04-12 15:39:31
11,7,4,2026-04-12 15:39:32
11,7,4,2026-04-12 15:39:33
11,7,4,2026-04-12 15:39:34
11,8,3,2026-04-12 15:39:36
11,8,3,2026-04-12 15:39:37
11,7,4,2026-04-12 15:39:38
11,6,5,2026-04-12 15:39:39
11,6,5,2026-04-12 15:39:40
11,7,4,2026-04-12 15:39:41
11,8,3,2026-04-12 15:39:42
11,7,4,2026-04-12 15:39:43
11,8,3,2026-04-12 15:39:44
11,9,2,2026-04-12 15:39:45
11,8,3,2026-04-12 15:39:46
11,8,3,2026-04-12 15:39:47
11,7,4,2026-04-12 15:39:48
11,7,4,2026-04-12 15:39:49
11,7,4,2026-04-12 15:39:50
11,7,4,2026-04-12 15:39:51
11,7,3,2026-04-12 15:58:36
11,7,3,2026-04-12 15:58:37
11,7,3,2026-04-12 15:58:38
11,7,3,2026-04-12 15:58:39
11,7,3,2026-04-12 15:58:40
11,7,3,2026-04-12 15:58:41
11,7,3,2026-04-12 15:58:42
11,7,3,2026-04-12 15:58:43
11,7,3,2026-04-12 15:58:44
11,7,3,2026-04-12 15:58:45
11,8,2,2026-04-12 15:58:46
11,8,2,2026-04-12 15:58:47
11,8,2,2026-04-12 15:58:48
11,7,3,2026-04-12 15:58:49
11,8,2,2026-04-12 15:58:50
11,8,2,2026-04-12 15:58:51
11,8,2,2026-04-12 15:58:52
11,8,2,2026-04-12 15:58:53
11,8,2,2026-04-12 15:58:54
11,7,3,2026-04-12 15:58:55
11,7,3,2026-04-12 15:58:56
11,7,3,2026-04-12 15:58:57
11,8,2,2026-04-13 10:52:15
11,8,2,2026-04-13 10:52:16
11,8,2,2026-04-13 10:52:17
11,8,2,2026-04-13 10:52:18
11,8,2,2026-04-13 10:52:19
11,8,2,2026-04-13 10:52:20
11,8,2,2026-04-13 10:52:21
11,8,2,2026-04-13 10:52:22
11,8,2,2026-04-13 10:52:23
11,7,3,2026-04-13 10:52:24
11,8,2,2026-04-13 10:52:25
11,7,3,2026-04-13 10:57:21
11,7,3,2026-04-13 10:57:22
11,7,3,2026-04-13 10:57:23
11,7,3,2026-04-13 10:57:24
11,7,3,2026-04-13 10:57:25
11,7,3,2026-04-13 10:57:26
11,7,3,2026-04-13 10:57:27
11,7,3,2026-04-13 10:57:28
11,7,3,2026-04-13 10:57:29
11,7,3,2026-04-13 10:57:30
11,7,3,2026-04-13 10:57:31
11,7,3,2026-04-13 10:57:32
11,7,3,2026-04-13 10:57:33
11,7,3,2026-04-13 10:57:34
11,7,3,2026-04-13 10:57:35
11,7,3,2026-04-13 10:57:36
11,7,3,2026-04-13 10:57:37
11,7,3,2026-04-13 10:57:38
11,7,3,2026-04-13 10:57:39
11,7,3,2026-04-13 10:57:40
11,7,3,2026-04-13 10:57:41
11,7,3,2026-04-13 10:57:42
11,7,3,2026-04-13 10:57:43
11,8,2,2026-04-13 11:13:06
11,8,2,2026-04-13 11:13:07
11,8,2,2026-04-13 11:13:08
11,8,2,2026-04-13 11:13:09
11,8,2,2026-04-13 11:13:10
11,8,2,2026-04-13 11:13:11
11,8,2,2026-04-13 11:13:12
11,8,2,2026-04-13 11:13:13
11,8,2,2026-04-13 11:13:14
11,8,2,2026-04-13 11:13:15
11,8,2,2026-04-13 11:13:16
11,8,2,2026-04-13 11:13:17
11,8,2,2026-04-13 11:13:18
11,8,2,2026-04-13 11:13:19
11,8,2,2026-04-13 11:13:20
11,8,2,2026-04-13 11:13:21
11,8,2,2026-04-13 11:13:22
11,8,2,2026-04-13 11:13:23
11,8,2,2026-04-13 11:13:24
11,8,2,2026-04-13 11:13:25
11,8,2,2026-04-13 11:13:26
11,8,2,2026-04-13 11:13:27
11,8,2,2026-04-13 11:13:28
11,9,1,2026-04-13 11:13:29
11,10,0,2026-04-13 11:13:30
11,8,2,2026-04-13 11:13:31
11,8,2,2026-04-13 11:13:32
11,8,2,2026-04-13 11:13:33
11,8,2,2026-04-13 11:13:34
11,8,2,2026-04-13 11:13:35
11,9,1,2026-04-13 11:13:36
11,9,1,2026-04-13 11:13:37
11,9,1,2026-04-13 11:13:38
11,9,1,2026-04-13 11:13:39
11,9,1,2026-04-13 11:13:40
11,9,1,2026-04-13 11:13:41
11,9,1,2026-04-13 11:13:42
11,9,1,2026-04-13 11:13:43
11,9,1,2026-04-13 11:13:44
11,9,1,2026-04-13 11:13:45
11,9,1,2026-04-13 11:13:46
11,9,1,2026-04-13 11:13:47
11,9,1,2026-04-13 11:13:48
11,9,1,2026-04-13 11:13:49
11,9,1,2026-04-13 11:13:50
11,9,1,2026-04-13 11:13:51
11,9,1,2026-04-13 11:13:52
11,0,10,2026-04-13 11:55:10
11,0,10,2026-04-13 11:55:11
11,0,10,2026-04-13 11:55:12
11,0,10,2026-04-13 11:55:13
11,0,10,2026-04-13 11:55:14
11,0,10,2026-04-13 11:55:15
11,0,10,2026-04-13 11:55:16
11,0,10,2026-04-13 11:55:17
11,0,10,2026-04-13 11:55:18
11,0,10,2026-04-13 11:55:19
11,0,10,2026-04-13 11:55:21
11,0,10,2026-04-13 11:55:21
11,0,10,2026-04-13 11:55:22
11,0,10,2026-04-13 11:55:23
11,0,10,2026-04-13 11:55:24
11,0,10,2026-04-13 11:55:25
11,0,10,2026-04-13 11:55:26
11,0,10,2026-04-13 11:55:27
11,0,10,2026-04-13 11:55:28
11,0,10,2026-04-13 11:55:29
11,0,10,2026-04-13 11:55:30
11,1,9,2026-04-13 11:55:31
11,1,9,2026-04-13 11:55:32
11,1,9,2026-04-13 11:55:33
11,1,9,2026-04-13 11:55:34
11,1,9,2026-04-13 11:55:35
11,1,9,2026-04-13 11:55:36
11,1,9,2026-04-13 12:04:51
11,1,9,2026-04-13 12:04:52
11,1,9,2026-04-13 12:04:53
11,1,9,2026-04-13 12:04:55
11,1,9,2026-04-13 12:04:56
11,1,9,2026-04-13 12:04:57
11,1,9,2026-04-13 12:04:58
11,1,9,2026-04-13 12:04:59
11,1,9,2026-04-13 12:05:00
11,1,9,2026-04-13 12:05:01
11,1,9,2026-04-13 12:05:02
11,1,9,2026-04-13 12:05:03
11,1,9,2026-04-13 12:05:04
11,1,9,2026-04-13 12:05:05
11,1,9,2026-04-13 12:05:06
11,2,8,2026-04-13 12:05:07
11,2,8,2026-04-13 12:05:08
11,2,8,2026-04-13 12:05:09
11,2,8,2026-04-13 12:05:10
11,2,8,2026-04-13 12:05:11
11,2,8,2026-04-13 12:05:12
11,2,8,2026-04-13 12:05:13
11,2,8,2026-04-13 12:05:14
11,2,8,2026-04-13 12:05:15
11,2,8,2026-04-13 12:05:16
11,2,8,2026-04-13 12:05:17
11,2,8,2026-04-13 12:05:18
11,2,8,2026-04-13 12:05:19
11,2,8,2026-04-13 12:05:20
11,2,8,2026-04-13 12:05:21
11,2,8,2026-04-13 12:05:22
11,2,8,2026-04-13 12:05:23
11,2,8,2026-04-13 12:05:24
11,2,8,2026-04-13 12:05:25
11,2,8,2026-04-13 12:05:26
11,2,8,2026-04-13 12:05:27
11,2,8,2026-04-13 12:05:28
11,2,8,2026-04-13 12:05:29
11,2,8,2026-04-13 12:05:30
11,2,8,2026-04-13 12:05:31
11,3,7,2026-04-13 12:05:33
11,2,8,2026-04-13 12:05:34
11,3,7,2026-04-13 12:05:35
11,3,7,2026-04-13 12:05:36
11,3,7,2026-04-13 12:05:37
11,3,7,2026-04-13 12:05:38
11,2,8,2026-04-13 12:05:39
11,2,8,2026-04-13 12:05:40
11,2,8,2026-04-13 12:05:41
11,3,7,2026-04-13 12:05:42
11,3,7,2026-04-13 12:05:43
11,3,7,2026-04-13 12:05:44
11,4,6,2026-04-13 12:05:45
11,4,6,2026-04-13 12:05:46
11,3,7,2026-04-13 12:05:48
11,3,7,2026-04-13 12:05:48
11,3,7,2026-04-13 12:05:49
11,3,7,2026-04-13 12:05:50
11,3,7,2026-04-13 12:05:51
11,3,7,2026-04-13 12:05:52
11,3,7,2026-04-13 12:05:53
11,3,7,2026-04-13 12:05:55
11,3,7,2026-04-13 12:05:56
11,3,7,2026-04-13 12:05:57
11,3,7,2026-04-13 12:05:58
11,1,9,2026-04-13 12:19:00
11,1,9,2026-04-13 12:19:01
11,1,9,2026-04-13 12:19:02
11,1,9,2026-04-13 12:19:03
11,1,9,2026-04-13 12:19:04
11,1,9,2026-04-13 12:19:05
11,1,9,2026-04-13 12:19:06
11,1,9,2026-04-13 12:19:07
11,1,9,2026-04-13 12:19:08
11,1,9,2026-04-13 12:19:09
11,1,9,2026-04-13 12:19:10
11,1,9,2026-04-13 12:19:11
11,1,9,2026-04-13 12:19:12
11,1,9,2026-04-13 12:19:13
11,1,9,2026-04-13 12:19:14
11,1,9,2026-04-13 12:19:15
11,1,9,2026-04-13 12:19:16
11,1,9,2026-04-13 12:19:17
11,1,9,2026-04-13 12:19:18
11,1,9,2026-04-13 12:19:19
11,1,9,2026-04-13 12:19:20
11,1,9,2026-04-13 12:19:21
11,1,9,2026-04-13 12:19:22
11,1,9,2026-04-13 12:19:23
11,1,9,2026-04-13 12:19:24
11,1,9,2026-04-13 12:19:25
11,1,9,2026-04-13 12:19:26
11,2,8,2026-04-13 12:19:27
11,2,8,2026-04-13 12:19:28
11,2,8,2026-04-13 12:19:29
11,2,8,2026-04-13 12:19:30
11,2,8,2026-04-13 12:19:31
11,2,8,2026-04-13 12:19:32
11,2,8,2026-04-13 12:19:33
11,2,8,2026-04-13 12:19:34
11,2,8,2026-04-13 12:19:35
11,2,8,2026-04-13 12:19:36
11,2,8,2026-04-13 12:19:37
11,2,8,2026-04-13 12:19:38
11,2,8,2026-04-13 12:19:39
11,2,8,2026-04-13 12:19:40
11,2,8,2026-04-13 12:19:41
11,2,8,2026-04-13 12:19:42
11,2,8,2026-04-13 12:19:43
11,2,8,2026-04-13 12:19:44
11,2,8,2026-04-13 12:19:45
11,2,8,2026-04-13 12:19:46
11,2,8,2026-04-13 12:19:47
11,2,8,2026-04-13 12:19:48
11,2,8,2026-04-13 12:19:49
11,2,8,2026-04-13 12:19:50
11,1,9,2026-04-13 12:19:51
11,2,8,2026-04-13 12:19:52
11,2,8,2026-04-13 12:19:53
11,2,8,2026-04-13 12:19:54
11,3,7,2026-04-13 12:19:55
11,3,7,2026-04-13 12:19:56
11,3,7,2026-04-13 12:19:57
11,3,7,2026-04-13 12:19:58
11,3,7,2026-04-13 12:19:59
11,3,7,2026-04-13 12:20:00
11,3,7,2026-04-13 12:20:01
11,3,7,2026-04-13 12:20:02
11,3,7,2026-04-13 12:20:03
11,3,7,2026-04-13 12:20:04
11,3,7,2026-04-13 12:20:05
11,3,7,2026-04-13 12:20:06
11,3,7,2026-04-13 12:20:07
11,3,7,2026-04-13 12:20:08
11,3,7,2026-04-13 12:20:09
11,3,7,2026-04-13 12:20:10
11,3,7,2026-04-13 12:20:11
11,3,7,2026-04-13 12:20:12
11,1,9,2026-04-13 12:24:12
11,1,9,2026-04-13 12:24:13
11,1,9,2026-04-13 12:24:14
11,1,9,2026-04-13 12:24:15
11,1,9,2026-04-13 12:24:16
11,1,9,2026-04-13 12:24:17
11,1,9,2026-04-13 12:24:18
11,1,9,2026-04-13 12:24:19
11,1,9,2026-04-13 12:24:20
11,1,9,2026-04-13 12:24:21
11,1,9,2026-04-13 12:24:22
11,1,9,2026-04-13 12:24:23
11,1,9,2026-04-13 12:24:24
11,1,9,2026-04-13 12:24:25
11,1,9,2026-04-13 12:24:26
11,1,9,2026-04-13 12:24:27
11,1,9,2026-04-13 12:24:28
11,1,9,2026-04-13 12:24:29
11,1,9,2026-04-13 12:24:30
11,1,9,2026-04-13 12:24:31
11,1,9,2026-04-13 12:24:32
11,1,9,2026-04-13 12:24:33
11,1,9,2026-04-13 12:24:34
11,1,9,2026-04-13 12:24:35
11,1,9,2026-04-13 12:24:36
11,1,9,2026-04-13 12:24:37
11,2,8,2026-04-13 12:24:38
11,3,7,2026-04-13 12:24:39
11,2,8,2026-04-13 12:24:40
11,2,8,2026-04-13 12:24:41
11,1,9,2026-04-13 12:24:42
11,1,9,2026-04-13 12:24:43
11,2,8,2026-04-13 12:24:44
11,2,8,2026-04-13 12:24:45
11,1,9,2026-04-13 12:24:46
11,2,8,2026-04-13 12:24:47
11,2,8,2026-04-13 12:24:48
11,1,9,2026-04-13 12:24:49
11,2,8,2026-04-13 12:24:50
11,2,8,2026-04-13 12:24:51
11,2,8,2026-04-13 12:24:52
11,2,8,2026-04-13 12:24:53
11,2,8,2026-04-13 12:24:54
11,2,8,2026-04-13 12:24:55
11,1,9,2026-04-13 12:36:34
11,1,9,2026-04-13 12:36:35
11,1,9,2026-04-13 12:36:36
11,1,9,2026-04-13 12:36:37
11,1,9,2026-04-13 12:36:38
11,1,9,2026-04-13 12:36:39
11,1,9,2026-04-13 12:36:40
11,1,9,2026-04-13 12:36:41
11,1,9,2026-04-13 12:36:42
11,1,9,2026-04-13 12:36:43
11,1,9,2026-04-13 12:36:44
11,1,9,2026-04-13 12:36:45
11,1,9,2026-04-13 12:36:46
11,1,9,2026-04-13 12:36:47
11,1,9,2026-04-13 12:36:48
11,2,8,2026-04-13 12:36:49
11,3,7,2026-04-13 12:36:50
11,3,7,2026-04-13 12:36:51
11,2,8,2026-04-13 12:36:52
11,3,7,2026-04-13 12:36:53
11,1,9,2026-04-13 12:36:54
11,1,9,2026-04-13 12:36:55
11,1,9,2026-04-13 12:36:56
11,3,7,2026-04-13 12:36:57
11,4,6,2026-04-13 12:36:58
11,4,6,2026-04-13 12:36:59
11,3,7,2026-04-13 12:37:00
11,2,8,2026-04-13 12:37:01
11,2,8,2026-04-13 12:37:02
11,2,8,2026-04-13 12:37:03
11,2,8,2026-04-13 12:37:04
11,2,8,2026-04-13 12:37:05
11,2,8,2026-04-13 12:37:06
11,2,8,2026-04-13 12:37:07
11,1,9,2026-04-13 12:41:13
11,1,9,2026-04-13 12:41:14
11,1,9,2026-04-13 12:41:15
11,1,9,2026-04-13 12:41:16
11,1,9,2026-04-13 12:41:17
11,1,9,2026-04-13 12:41:18
11,1,9,2026-04-13 12:41:19
11,1,9,2026-04-13 12:41:20
11,1,9,2026-04-13 12:41:21
11,1,9,2026-04-13 12:41:22
11,1,9,2026-04-13 12:41:23
11,1,9,2026-04-13 12:41:24
11,1,9,2026-04-13 12:41:25
11,1,9,2026-04-13 12:41:26
11,1,9,2026-04-13 12:41:27
11,1,9,2026-04-13 12:41:28
11,1,9,2026-04-13 12:41:29
11,1,9,2026-04-13 12:41:30
11,1,9,2026-04-13 12:41:31
11,1,9,2026-04-13 12:41:32
11,1,9,2026-04-13 12:41:33
11,1,9,2026-04-13 12:41:34
11,1,9,2026-04-13 12:41:35
11,1,9,2026-04-13 12:41:36
11,1,9,2026-04-13 12:41:37
11,1,9,2026-04-13 12:41:38
11,1,9,2026-04-13 12:41:39
11,1,9,2026-04-13 12:41:40
11,1,9,2026-04-13 12:41:41
11,1,9,2026-04-13 12:41:42
11,1,9,2026-04-13 12:41:43
11,1,9,2026-04-13 12:41:44
11,1,9,2026-04-13 12:41:45
11,1,9,2026-04-13 12:41:46
11,1,9,2026-04-13 12:41:47
11,1,9,2026-04-13 12:41:48
11,1,9,2026-04-13 12:41:49
11,1,9,2026-04-13 12:41:50
11,1,9,2026-04-13 12:41:51
11,1,9,2026-04-13 12:41:52
11,1,9,2026-04-13 12:41:53
11,1,9,2026-04-13 12:41:54
11,1,9,2026-04-13 12:41:55
11,1,9,2026-04-13 12:41:56
11,1,9,2026-04-13 12:41:57
11,1,9,2026-04-13 12:41:58
11,1,9,2026-04-13 12:41:59
11,2,8,2026-04-13 12:42:00
11,2,8,2026-04-13 12:42:01
11,2,8,2026-04-13 12:42:02
11,2,8,2026-04-13 12:42:03
11,2,8,2026-04-13 12:42:04
11,2,8,2026-04-13 12:42:05
11,2,8,2026-04-13 12:42:06
11,2,8,2026-04-13 12:42:07
11,2,8,2026-04-13 12:42:08
11,2,8,2026-04-13 12:42:09
11,2,8,2026-04-13 12:42:10
11,2,8,2026-04-13 12:42:11
11,2,8,2026-04-13 12:42:12
11,2,8,2026-04-13 12:42:13
11,2,8,2026-04-13 12:42:14
11,2,8,2026-04-13 12:42:15
11,2,8,2026-04-13 12:42:16
11,2,8,2026-04-13 12:42:17
11,2,8,2026-04-13 12:42:18
11,2,8,2026-04-13 12:42:19
11,2,8,2026-04-13 12:42:20
11,2,8,2026-04-13 12:42:21
11,2,8,2026-04-13 12:42:22
11,2,8,2026-04-13 12:42:23
11,2,8,2026-04-13 12:42:24
11,1,9,2026-04-13 12:42:25
11,2,8,2026-04-13 12:42:26
11,2,8,2026-04-13 12:42:27
11,2,8,2026-04-13 12:42:28
11,2,8,2026-04-13 12:42:29
11,2,8,2026-04-13 12:42:30
11,2,8,2026-04-13 12:42:31
11,2,8,2026-04-13 12:42:32
11,2,8,2026-04-13 12:42:33
11,2,8,2026-04-13 12:42:34
11,2,8,2026-04-13 12:42:35
11,3,7,2026-04-13 12:42:36
11,3,7,2026-04-13 12:42:37
11,3,7,2026-04-13 12:42:38
11,3,7,2026-04-13 12:42:39
11,3,7,2026-04-13 12:42:40
11,3,7,2026-04-13 12:42:41
11,3,7,2026-04-13 12:42:42
11,3,7,2026-04-13 12:42:43
11,3,7,2026-04-13 12:42:44
11,3,7,2026-04-13 12:42:45
11,3,7,2026-04-13 12:42:46
11,0,10,2026-04-13 12:52:23
11,0,10,2026-04-13 12:52:24
11,0,10,2026-04-13 12:52:25
11,0,10,2026-04-13 12:52:26
11,0,10,2026-04-13 12:52:27
11,0,10,2026-04-13 12:52:28
11,0,10,2026-04-13 12:52:29
11,0,10,2026-04-13 12:52:30
11,0,10,2026-04-13 12:52:31
11,0,10,2026-04-13 12:52:32
11,0,10,2026-04-13 12:52:33
11,0,10,2026-04-13 12:52:34
11,0,10,2026-04-13 12:52:35
11,0,10,2026-04-13 12:52:36
11,0,10,2026-04-13 12:52:37
11,0,10,2026-04-13 12:52:38
11,0,10,2026-04-13 12:52:39
11,0,10,2026-04-13 12:52:40
11,0,10,2026-04-13 12:52:41
11,0,10,2026-04-13 12:52:42
11,0,10,2026-04-13 12:52:43
11,1,9,2026-04-13 12:52:44
11,1,9,2026-04-13 12:52:45
11,1,9,2026-04-13 12:52:46
11,1,9,2026-04-13 12:52:47
11,1,9,2026-04-13 12:52:48
11,1,9,2026-04-13 12:52:49
11,1,9,2026-04-13 12:52:50
11,1,9,2026-04-13 12:52:51
11,1,9,2026-04-13 12:52:52
11,1,9,2026-04-13 12:52:53
11,1,9,2026-04-13 12:52:54
11,1,9,2026-04-13 12:52:55
11,1,9,2026-04-13 12:52:56
11,1,9,2026-04-13 12:52:57
11,1,9,2026-04-13 12:52:58
11,1,9,2026-04-13 12:52:59
11,1,9,2026-04-13 12:53:00
11,1,9,2026-04-13 12:53:01
11,1,9,2026-04-13 12:53:02
11,1,9,2026-04-13 12:53:03
11,1,9,2026-04-13 12:53:04
11,1,9,2026-04-13 12:53:05
11,1,9,2026-04-13 12:53:06
11,1,9,2026-04-13 12:53:07
11,1,9,2026-04-13 12:53:08
11,1,9,2026-04-13 12:53:09
11,1,9,2026-04-13 12:53:10
11,1,9,2026-04-13 12:53:11
11,1,9,2026-04-13 12:53:12
11,1,9,2026-04-13 12:53:13
11,1,9,2026-04-13 12:53:14
11,1,9,2026-04-13 12:53:15
11,1,9,2026-04-13 12:53:16
11,1,9,2026-04-13 12:53:17
11,0,10,2026-04-13 13:08:04
11,0,10,2026-04-13 13:08:05
11,0,10,2026-04-13 13:08:06
11,0,10,2026-04-13 13:08:07
11,0,10,2026-04-13 13:08:08
11,0,10,2026-04-13 13:08:09
11,0,10,2026-04-13 13:08:10
11,0,10,2026-04-13 13:08:11
11,0,10,2026-04-13 13:08:12
11,0,10,2026-04-13 13:08:13
11,0,10,2026-04-13 13:08:14
11,0,10,2026-04-13 13:08:15
11,0,10,2026-04-13 13:08:16
11,0,10,2026-04-13 13:08:17
11,0,10,2026-04-13 13:08:18
11,0,10,2026-04-13 13:08:19
11,0,10,2026-04-13 13:08:20
11,0,10,2026-04-13 13:08:21
11,0,10,2026-04-13 13:08:22
11,0,10,2026-04-13 13:08:23
11,0,10,2026-04-13 13:08:24
11,0,10,2026-04-13 13:08:25
11,0,10,2026-04-13 13:08:26
11,0,10,2026-04-13 13:08:27
11,0,10,2026-04-13 13:08:28
11,0,10,2026-04-13 13:08:29
11,0,10,2026-04-13 13:08:30
11,0,10,2026-04-13 13:08:31
11,0,10,2026-04-13 13:08:32
11,0,10,2026-04-13 13:08:33
11,0,10,2026-04-13 13:08:34
11,0,10,2026-04-13 13:08:35
11,0,10,2026-04-13 13:08:36
11,0,10,2026-04-13 13:08:37
11,0,10,2026-04-13 13:08:38
11,0,10,2026-04-13 13:08:39
11,0,10,2026-04-13 13:08:40
11,0,10,2026-04-13 13:08:41
11,0,10,2026-04-13 13:08:42
11,1,9,2026-04-13 13:08:43
11,1,9,2026-04-13 13:08:44
11,1,9,2026-04-13 13:08:45
11,1,9,2026-04-13 13:08:46
11,1,9,2026-04-13 13:08:47
11,1,9,2026-04-13 13:08:48
11,1,9,2026-04-13 13:08:49
11,1,9,2026-04-13 13:08:50
11,1,9,2026-04-13 13:08:51
11,1,9,2026-04-13 13:08:52
11,1,9,2026-04-13 13:08:53
11,1,9,2026-04-13 13:08:54
11,1,9,2026-04-13 13:08:55
11,1,9,2026-04-13 13:08:56
11,1,9,2026-04-13 13:08:57
11,1,9,2026-04-13 13:08:58
11,1,9,2026-04-13 13:08:59
11,1,9,2026-04-13 13:09:00
11,1,9,2026-04-13 13:09:01
11,1,9,2026-04-13 13:09:02
11,1,9,2026-04-13 13:09:03
11,1,9,2026-04-13 13:09:04
11,1,9,2026-04-13 13:09:05
11,2,8,2026-04-13 13:09:06
11,2,8,2026-04-13 13:09:07
11,3,7,2026-04-13 13:09:08
11,2,8,2026-04-13 13:09:09
11,2,8,2026-04-13 13:09:10
11,2,8,2026-04-13 13:09:11
11,2,8,2026-04-13 13:09:12
11,2,8,2026-04-13 13:09:13
11,0,10,2026-04-13 13:09:28
11,0,10,2026-04-13 13:09:29
11,0,10,2026-04-13 13:09:30
11,0,10,2026-04-13 13:09:32
11,0,10,2026-04-13 13:09:33
11,0,10,2026-04-13 13:09:34
11,0,10,2026-04-13 13:09:35
11,0,10,2026-04-13 13:09:36
11,0,10,2026-04-13 13:09:37
11,0,10,2026-04-13 13:09:38
11,0,10,2026-04-13 13:09:44
11,0,10,2026-04-13 13:09:45
11,0,10,2026-04-13 13:09:46
11,0,10,2026-04-13 13:09:47
11,0,10,2026-04-13 13:09:48
11,0,10,2026-04-13 13:09:49
11,0,10,2026-04-13 13:09:50
11,0,10,2026-04-13 13:09:51
11,0,10,2026-04-13 13:09:52
11,0,10,2026-04-13 13:09:53
11,0,10,2026-04-13 13:09:54
11,0,10,2026-04-13 13:10:04
11,0,10,2026-04-13 13:10:05
11,0,10,2026-04-13 13:10:06
11,0,10,2026-04-13 13:10:07
11,0,10,2026-04-13 13:10:08
11,0,10,2026-04-13 13:10:09
11,0,10,2026-04-13 13:10:10
11,0,10,2026-04-13 13:10:11
11,0,10,2026-04-13 13:10:12
11,0,10,2026-04-13 13:10:13
11,0,10,2026-04-13 13:10:14
11,0,10,2026-04-13 13:10:15
11,0,10,2026-04-13 13:10:16
11,0,10,2026-04-13 13:10:17
11,0,10,2026-04-13 13:10:18
11,0,10,2026-04-13 13:10:19
11,0,10,2026-04-13 13:10:20
11,0,10,2026-04-13 13:10:21
11,0,10,2026-04-13 13:10:22
11,0,10,2026-04-13 13:10:23
11,0,10,2026-04-13 13:10:24
11,0,10,2026-04-13 13:10:25
11,0,10,2026-04-13 13:10:26
11,0,10,2026-04-13 13:10:27
11,0,10,2026-04-13 13:10:28
11,0,10,2026-04-13 13:10:35
11,0,10,2026-04-13 13:10:36
11,0,10,2026-04-13 13:10:37
11,0,10,2026-04-13 13:10:38
11,0,10,2026-04-13 13:10:39
11,0,10,2026-04-13 13:10:40
11,0,10,2026-04-13 13:10:41
11,0,10,2026-04-13 13:10:42
11,0,10,2026-04-13 13:10:43
11,0,10,2026-04-13 13:10:44
11,0,10,2026-04-13 13:10:45
11,0,10,2026-04-13 13:10:46
11,0,10,2026-04-13 13:10:47
11,0,10,2026-04-13 13:10:48
11,0,10,2026-04-13 13:10:49
11,1,9,2026-04-13 13:10:50
11,1,9,2026-04-13 13:10:51
11,1,9,2026-04-13 13:10:52
11,1,9,2026-04-13 13:10:53
11,1,9,2026-04-13 13:10:54
11,1,9,2026-04-13 13:10:55
11,1,9,2026-04-13 13:10:56
11,1,9,2026-04-13 13:10:57
11,1,9,2026-04-13 13:10:58
11,1,9,2026-04-13 13:10:59
11,1,9,2026-04-13 13:11:00
11,1,9,2026-04-13 13:11:01
11,1,9,2026-04-13 13:11:02
11,1,9,2026-04-13 13:11:03
11,1,9,2026-04-13 13:11:04
11,1,9,2026-04-13 13:11:05
11,1,9,2026-04-13 13:11:06
11,1,9,2026-04-13 13:11:07
11,1,9,2026-04-13 13:11:08
11,1,9,2026-04-13 13:11:09
11,1,9,2026-04-13 13:11:10
11,1,9,2026-04-13 13:11:11
11,1,9,2026-04-13 13:11:12
11,2,8,2026-04-13 13:11:13
11,2,8,2026-04-13 13:11:14
11,1,9,2026-04-13 13:11:15
11,2,8,2026-04-13 13:11:16
11,3,7,2026-04-13 13:11:17
11,2,8,2026-04-13 13:11:18
11,2,8,2026-04-13 13:11:19
11,2,8,2026-04-13 13:11:20
11,0,10,2026-04-13 13:19:45
11,0,10,2026-04-13 13:19:46
11,0,10,2026-04-13 13:19:47
11,0,10,2026-04-13 13:19:48
11,0,10,2026-04-13 13:19:49
11,0,10,2026-04-13 13:19:50
11,0,10,2026-04-13 13:19:51
11,0,10,2026-04-13 13:19:52
11,0,10,2026-04-13 13:19:53
11,0,10,2026-04-13 13:19:54
11,0,10,2026-04-13 13:19:55
11,0,10,2026-04-13 13:19:56
11,0,10,2026-04-13 13:19:57
11,1,9,2026-04-13 13:19:58
11,1,9,2026-04-13 13:19:59
11,1,9,2026-04-13 13:20:00
11,1,9,2026-04-13 13:20:01
11,1,9,2026-04-13 13:20:02
11,1,9,2026-04-13 13:20:03
11,1,9,2026-04-13 13:20:04
11,1,9,2026-04-13 13:20:05
11,1,9,2026-04-13 13:20:06
11,1,9,2026-04-13 13:20:07
11,1,9,2026-04-13 13:20:08
11,1,9,2026-04-13 13:20:09
11,1,9,2026-04-13 13:20:10
11,1,9,2026-04-13 13:20:11
11,1,9,2026-04-13 13:20:12
11,1,9,2026-04-13 13:20:13
11,1,9,2026-04-13 13:20:14
11,1,9,2026-04-13 13:20:15
11,1,9,2026-04-13 13:20:16
11,1,9,2026-04-13 13:20:17
11,1,9,2026-04-13 13:20:18
11,1,9,2026-04-13 13:20:19
11,1,9,2026-04-13 13:20:20
11,1,9,2026-04-13 13:20:21
11,1,9,2026-04-13 13:20:22
11,1,9,2026-04-13 13:20:23
11,1,9,2026-04-13 13:20:24
11,1,9,2026-04-13 13:20:25
11,1,9,2026-04-13 13:20:26
11,1,9,2026-04-13 13:20:27
11,1,9,2026-04-13 13:20:28
11,1,9,2026-04-13 13:20:29
11,1,9,2026-04-13 13:20:30
11,1,9,2026-04-13 13:20:31
11,1,9,2026-04-13 13:20:32
11,1,9,2026-04-13 13:20:33
11,1,9,2026-04-13 13:20:34
11,0,10,2026-04-13 13:20:41
11,0,10,2026-04-13 13:20:42
11,0,10,2026-04-13 13:20:43
11,0,10,2026-04-13 13:20:44
11,0,10,2026-04-13 13:20:45
11,0,10,2026-04-13 13:20:46
11,0,10,2026-04-13 13:20:47
11,0,10,2026-04-13 13:20:48
11,0,10,2026-04-13 13:20:49
11,0,10,2026-04-13 13:20:50
11,0,10,2026-04-13 13:20:51
11,0,10,2026-04-13 13:20:52
11,0,10,2026-04-13 13:20:53
11,0,10,2026-04-13 13:20:54
11,0,10,2026-04-13 13:20:55
11,0,10,2026-04-13 13:20:56
11,0,10,2026-04-13 13:20:57
11,0,10,2026-04-13 13:20:58
11,0,10,2026-04-13 13:20:59
11,0,10,2026-04-13 13:21:00
11,0,10,2026-04-13 13:21:01
11,0,10,2026-04-13 13:21:02
11,0,10,2026-04-13 13:21:03
11,0,10,2026-04-13 13:21:04
11,0,10,2026-04-13 13:21:05
11,0,10,2026-04-13 13:21:06
11,0,10,2026-04-13 13:21:07
11,0,10,2026-04-13 13:21:08
11,0,10,2026-04-13 13:21:09
11,0,10,2026-04-13 13:21:10
11,0,10,2026-04-13 13:21:11
11,0,10,2026-04-13 13:21:12
11,0,10,2026-04-13 13:21:13
11,0,10,2026-04-13 13:21:14
11,0,10,2026-04-13 13:21:15
11,0,10,2026-04-13 13:21:16
11,0,10,2026-04-13 13:21:17
11,0,10,2026-04-13 13:21:18
11,0,10,2026-04-13 13:21:19
11,1,9,2026-04-13 13:21:20
11,2,8,2026-04-13 13:21:21
11,1,9,2026-04-13 13:21:22
11,1,9,2026-04-13 13:21:23
11,1,9,2026-04-13 13:21:24
11,0,10,2026-04-13 13:21:25
11,0,10,2026-04-13 13:21:26
11,0,10,2026-04-13 13:21:27
11,0,10,2026-04-13 13:21:28
11,0,10,2026-04-13 13:21:29
11,10,0,2026-04-13 13:36:43
11,10,0,2026-04-13 13:36:44
11,10,0,2026-04-13 13:36:45
11,10,0,2026-04-13 13:36:46
11,10,0,2026-04-13 13:36:47
11,10,0,2026-04-13 13:36:48
11,3,7,2026-04-13 13:36:49
11,1,9,2026-04-13 13:36:50
11,2,8,2026-04-13 13:36:51
11,0,10,2026-04-13 13:36:52
11,1,9,2026-04-13 13:36:53
11,1,9,2026-04-13 13:36:54
11,1,9,2026-04-13 13:36:55
11,1,9,2026-04-13 13:36:56
11,1,9,2026-04-13 13:36:57
11,1,9,2026-04-13 13:36:58
11,0,10,2026-04-13 13:37:04
11,0,10,2026-04-13 13:37:05
11,0,10,2026-04-13 13:37:06
11,0,10,2026-04-13 13:37:07
11,0,10,2026-04-13 13:37:08
11,0,10,2026-04-13 13:37:09
11,0,10,2026-04-13 13:37:10
11,0,10,2026-04-13 13:37:11
11,0,10,2026-04-13 13:37:12
11,0,10,2026-04-13 13:37:13
11,0,10,2026-04-13 13:37:14
11,0,10,2026-04-13 13:37:15
11,0,10,2026-04-13 13:37:16
11,0,10,2026-04-13 13:37:17
11,0,10,2026-04-13 13:37:18
11,0,10,2026-04-13 13:37:19
11,0,10,2026-04-13 13:37:20
11,0,10,2026-04-13 13:37:21
11,1,9,2026-04-13 13:37:22
11,1,9,2026-04-13 13:37:23
11,1,9,2026-04-13 13:37:24
11,1,9,2026-04-13 13:37:25
11,1,9,2026-04-13 13:37:26
11,1,9,2026-04-13 13:37:27
11,1,9,2026-04-13 13:37:28
11,1,9,2026-04-13 13:37:29
11,1,9,2026-04-13 13:37:30
11,1,9,2026-04-13 13:37:31
11,1,9,2026-04-13 13:37:32
11,1,9,2026-04-13 13:37:33
11,1,9,2026-04-13 13:37:34
11,1,9,2026-04-13 13:37:35
11,1,9,2026-04-13 13:37:36
11,1,9,2026-04-13 13:37:37
11,1,9,2026-04-13 13:37:38
11,1,9,2026-04-13 13:37:39
11,1,9,2026-04-13 13:37:40
11,1,9,2026-04-13 13:37:41
11,1,9,2026-04-13 13:37:42
11,1,9,2026-04-13 13:37:43
11,1,9,2026-04-13 13:37:44
11,1,9,2026-04-13 13:37:45
11,1,9,2026-04-13 13:37:46
11,1,9,2026-04-13 13:37:47
11,1,9,2026-04-13 13:37:48
11,1,9,2026-04-13 13:37:49
11,1,9,2026-04-13 13:37:50
11,2,8,2026-04-13 13:37:51
11,2,8,2026-04-13 13:37:52
11,2,8,2026-04-13 13:37:53
11,2,8,2026-04-13 13:37:54
11,2,8,2026-04-13 13:37:55
11,2,8,2026-04-13 13:37:56
11,2,8,2026-04-13 13:37:57
11,2,8,2026-04-13 13:37:58
11,2,8,2026-04-13 13:37:59
11,2,8,2026-04-13 13:38:00
11,2,8,2026-04-13 13:38:01
11,2,8,2026-04-13 13:38:02
11,2,8,2026-04-13 13:38:03
11,2,8,2026-04-13 13:38:04
11,2,8,2026-04-13 13:38:05
11,0,10,2026-04-13 16:46:14
11,0,10,2026-04-13 16:46:15
11,0,10,2026-04-13 16:46:16
11,0,10,2026-04-13 16:46:17
11,0,10,2026-04-13 16:46:18
11,0,10,2026-04-13 16:46:19
11,0,10,2026-04-13 16:46:20
11,0,10,2026-04-13 16:46:21
11,0,10,2026-04-13 16:46:22
11,0,10,2026-04-13 16:46:23
11,0,10,2026-04-13 16:46:24
11,0,10,2026-04-13 16:46:25
11,0,10,2026-04-13 16:46:26
11,0,10,2026-04-13 16:46:27
11,0,10,2026-04-13 16:46:28
11,0,10,2026-04-13 16:46:29
11,0,10,2026-04-13 16:46:30
11,0,10,2026-04-13 16:46:31
11,0,10,2026-04-13 16:46:32
11,0,10,2026-04-13 16:46:33
11,0,10,2026-04-13 16:46:34
11,0,10,2026-04-13 16:46:35
11,0,10,2026-04-13 16:46:36
11,0,10,2026-04-13 16:46:37
11,1,9,2026-04-13 16:46:38
11,1,9,2026-04-13 16:46:39
11,1,9,2026-04-13 16:46:40
11,1,9,2026-04-13 16:46:41
11,1,9,2026-04-13 16:46:42
11,1,9,2026-04-13 16:46:43
11,1,9,2026-04-13 16:46:44
11,1,9,2026-04-13 16:46:45
11,1,9,2026-04-13 16:46:46
11,1,9,2026-04-13 16:46:47
11,1,9,2026-04-13 16:46:48
11,1,9,2026-04-13 16:46:49
11,1,9,2026-04-13 16:46:50
11,1,9,2026-04-13 16:46:51
11,1,9,2026-04-13 16:46:52
11,1,9,2026-04-13 16:46:53
11,1,9,2026-04-13 16:46:54
11,1,9,2026-04-13 16:46:55
11,1,9,2026-04-13 16:46:56
11,1,9,2026-04-13 16:46:57
11,1,9,2026-04-13 16:46:58
11,1,9,2026-04-13 16:46:59
11,1,9,2026-04-13 16:47:00
11,1,9,2026-04-13 16:47:01
11,1,9,2026-04-13 16:47:02
11,1,9,2026-04-13 16:47:03
11,1,9,2026-04-13 16:47:04
11,1,9,2026-04-13 16:47:05
11,1,9,2026-04-13 16:47:06
11,1,9,2026-04-13 16:47:07
11,1,9,2026-04-13 16:47:08
11,1,9,2026-04-13 16:47:09
11,1,9,2026-04-13 16:47:10
11,1,9,2026-04-13 16:47:11
11,1,9,2026-04-13 16:47:12
11,1,9,2026-04-13 16:47:13
11,1,9,2026-04-13 16:47:14
11,1,9,2026-04-13 16:47:15
11,1,9,2026-04-13 16:47:16
11,1,9,2026-04-13 16:47:17
11,1,9,2026-04-13 16:47:18
11,1,9,2026-04-13 16:47:19
11,1,9,2026-04-13 16:47:20
11,0,10,2026-04-13 16:47:31
11,0,10,2026-04-13 16:47:32
11,0,10,2026-04-13 16:47:33
11,0,10,2026-04-13 16:47:34
11,0,10,2026-04-13 16:47:35
11,0,10,2026-04-13 16:47:36
11,0,10,2026-04-13 16:47:37
11,0,10,2026-04-13 16:47:38
11,0,10,2026-04-13 16:47:39
11,0,10,2026-04-13 16:47:40
11,0,10,2026-04-13 16:47:41
11,0,10,2026-04-13 16:47:42
11,0,10,2026-04-13 16:47:43
11,0,10,2026-04-13 16:47:44
11,0,10,2026-04-13 16:47:45
11,0,10,2026-04-13 16:47:46
11,0,10,2026-04-13 16:47:47
11,0,10,2026-04-13 16:47:48
11,0,10,2026-04-13 16:47:49
11,0,10,2026-04-13 16:47:50
11,0,10,2026-04-13 16:47:51
11,0,10,2026-04-13 16:47:52
11,1,9,2026-04-13 16:47:53
11,1,9,2026-04-13 16:47:54
11,1,9,2026-04-13 16:47:55
11,1,9,2026-04-13 16:47:56
11,1,9,2026-04-13 16:47:57
11,1,9,2026-04-13 16:47:58
11,1,9,2026-04-13 16:47:59
11,1,9,2026-04-13 16:48:00
11,1,9,2026-04-13 16:48:01
11,1,9,2026-04-13 16:48:02
11,1,9,2026-04-13 16:48:03
11,1,9,2026-04-13 16:48:04
11,1,9,2026-04-13 16:48:05
11,1,9,2026-04-13 16:48:06
11,1,9,2026-04-13 16:48:07
11,1,9,2026-04-13 16:48:08
11,1,9,2026-04-13 16:48:09
11,1,9,2026-04-13 16:48:10
11,1,9,2026-04-13 16:48:11
11,1,9,2026-04-13 16:48:12
11,1,9,2026-04-13 16:48:13
11,1,9,2026-04-13 16:48:14
11,1,9,2026-04-13 16:48:15
11,1,9,2026-04-13 16:48:16
11,2,8,2026-04-13 16:48:17
11,2,8,2026-04-13 16:48:18
11,2,8,2026-04-13 16:48:19
11,0,10,2026-04-13 17:03:20
11,0,10,2026-04-13 17:03:21
11,0,10,2026-04-13 17:03:22
11,0,10,2026-04-13 17:03:23
11,0,10,2026-04-13 17:03:24
11,0,10,2026-04-13 17:03:25
11,0,10,2026-04-13 17:03:26
11,0,10,2026-04-13 17:03:27
11,0,10,2026-04-13 17:03:28
11,0,10,2026-04-13 17:03:29
11,0,10,2026-04-13 17:03:30
11,0,10,2026-04-13 17:03:31
11,0,10,2026-04-13 17:03:32
11,0,10,2026-04-13 17:03:33
11,0,10,2026-04-13 17:03:34
11,1,9,2026-04-13 17:03:35
11,1,9,2026-04-13 17:03:36
11,1,9,2026-04-13 17:03:37
11,1,9,2026-04-13 17:03:38
11,1,9,2026-04-13 17:03:39
11,1,9,2026-04-13 17:03:40
11,1,9,2026-04-13 17:03:41
11,1,9,2026-04-13 17:03:42
11,1,9,2026-04-13 17:03:43
11,1,9,2026-04-13 17:03:44
11,1,9,2026-04-13 17:03:45
11,1,9,2026-04-13 17:03:46
11,1,9,2026-04-13 17:03:47
11,1,9,2026-04-13 17:03:48
11,1,9,2026-04-13 17:03:49
11,1,9,2026-04-13 17:03:50
11,1,9,2026-04-13 17:03:51
11,1,9,2026-04-13 17:03:52
11,1,9,2026-04-13 17:03:53
11,1,9,2026-04-13 17:03:54
11,1,9,2026-04-13 17:03:55
11,1,9,2026-04-13 17:03:56
11,1,9,2026-04-13 17:03:57
11,1,9,2026-04-13 17:03:58
11,1,9,2026-04-13 17:03:59
11,1,9,2026-04-13 17:04:00
11,1,9,2026-04-13 17:04:01
11,1,9,2026-04-13 17:04:02
11,1,9,2026-04-13 17:04:03
11,1,9,2026-04-13 17:04:04
11,1,9,2026-04-13 17:04:05
11,1,9,2026-04-13 17:04:06
11,2,8,2026-04-13 17:04:07
11,2,8,2026-04-13 17:04:08
11,0,10,2026-04-13 17:04:17
11,0,10,2026-04-13 17:04:18
11,0,10,2026-04-13 17:04:19
11,0,10,2026-04-13 17:04:20
11,0,10,2026-04-13 17:04:21
11,0,10,2026-04-13 17:04:22
11,0,10,2026-04-13 17:04:23
11,0,10,2026-04-13 17:04:24
11,0,10,2026-04-13 17:04:25
11,0,10,2026-04-13 17:04:26
11,0,10,2026-04-13 17:04:27
11,0,10,2026-04-13 17:04:28
11,0,10,2026-04-13 17:04:29
11,0,10,2026-04-13 17:04:30
11,0,10,2026-04-13 17:04:31
11,0,10,2026-04-13 17:04:32
11,0,10,2026-04-13 17:04:33
11,0,10,2026-04-13 17:04:34
11,0,10,2026-04-13 17:04:35
11,0,10,2026-04-13 17:04:36
11,0,10,2026-04-13 17:10:29
11,0,10,2026-04-13 17:10:30
11,0,10,2026-04-13 17:10:31
11,0,10,2026-04-13 17:10:32
11,0,10,2026-04-13 17:10:33
11,0,10,2026-04-13 17:10:34
11,0,10,2026-04-13 17:10:44
11,0,10,2026-04-13 17:10:45
11,0,10,2026-04-13 17:10:46
11,0,10,2026-04-13 17:10:47
11,0,10,2026-04-13 17:10:48
11,0,10,2026-04-13 17:10:49
11,0,10,2026-04-13 17:10:50
11,0,10,2026-04-13 17:10:51
11,0,10,2026-04-13 17:10:52
11,0,10,2026-04-13 17:10:53
11,0,10,2026-04-13 17:10:54
11,0,10,2026-04-13 17:10:55
11,0,10,2026-04-13 17:10:56
11,0,10,2026-04-13 17:10:57
11,0,10,2026-04-13 17:10:58
11,0,10,2026-04-13 17:10:59
11,0,10,2026-04-13 17:11:00
11,0,10,2026-04-13 17:11:01
11,1,9,2026-04-13 17:11:02
11,1,9,2026-04-13 17:11:03
11,1,9,2026-04-13 17:11:04
11,1,9,2026-04-13 17:11:05
11,0,10,2026-04-13 17:14:59
11,0,10,2026-04-13 17:15:00
11,0,10,2026-04-13 17:15:01
11,0,10,2026-04-13 17:15:02
11,0,10,2026-04-13 17:15:03
11,0,10,2026-04-13 17:15:04
11,0,10,2026-04-13 17:15:05
11,0,10,2026-04-13 17:15:06
11,0,10,2026-04-13 17:15:07
11,0,10,2026-04-13 17:15:08
11,0,10,2026-04-13 17:15:09
11,0,10,2026-04-13 17:15:10
11,0,10,2026-04-13 17:15:11
11,0,10,2026-04-13 17:15:12
11,0,10,2026-04-13 17:15:13
11,0,10,2026-04-13 17:15:14
11,0,10,2026-04-13 17:15:15
11,0,10,2026-04-13 17:15:16
11,0,10,2026-04-13 17:15:17
11,0,10,2026-04-13 17:15:18
11,0,10,2026-04-13 17:15:19
11,0,10,2026-04-13 17:15:20
11,0,10,2026-04-13 17:15:21
11,1,9,2026-04-13 17:15:22
11,1,9,2026-04-13 17:15:23
11,1,9,2026-04-13 17:15:24
11,1,9,2026-04-13 17:15:25
11,1,9,2026-04-13 17:15:26
11,1,9,2026-04-13 17:15:27
11,1,9,2026-04-13 17:15:28
11,1,9,2026-04-13 17:15:29
11,1,9,2026-04-13 17:15:30
11,1,9,2026-04-13 17:15:31
11,1,9,2026-04-13 17:15:32
11,1,9,2026-04-13 17:15:33
11,1,9,2026-04-13 17:15:34
11,1,9,2026-04-13 17:15:35
11,1,9,2026-04-13 17:15:36
11,1,9,2026-04-13 17:15:37
11,1,9,2026-04-13 17:15:38
11,1,9,2026-04-13 17:15:39
11,1,9,2026-04-13 17:15:40
11,1,9,2026-04-13 17:15:41
11,1,9,2026-04-13 17:15:42
11,1,9,2026-04-13 17:15:43
11,1,9,2026-04-13 17:15:44
11,1,9,2026-04-13 17:15:45
11,1,9,2026-04-13 17:15:46
11,2,8,2026-04-13 17:15:47
11,1,9,2026-04-13 17:15:48
11,1,9,2026-04-13 17:15:49
11,1,9,2026-04-13 17:15:50
11,2,8,2026-04-13 17:15:51
11,3,7,2026-04-13 17:15:52
11,3,7,2026-04-13 17:15:53
11,3,7,2026-04-13 17:15:54
11,3,7,2026-04-13 17:15:55
11,3,7,2026-04-13 17:15:56
11,1,9,2026-04-13 17:15:57
11,1,9,2026-04-13 17:15:58
11,0,10,2026-04-13 17:25:47
11,0,10,2026-04-13 17:25:48
11,0,10,2026-04-13 17:25:49
11,1,9,2026-04-13 17:25:50
11,0,10,2026-04-13 17:25:51
11,1,9,2026-04-13 17:25:52
11,0,10,2026-04-13 17:25:53
11,1,9,2026-04-13 17:25:54
11,0,10,2026-04-13 17:25:55
11,0,10,2026-04-13 17:25:56
11,0,10,2026-04-13 17:25:57
11,0,10,2026-04-13 17:25:58
11,0,10,2026-04-13 17:25:59
11,0,10,2026-04-13 17:26:00
11,0,10,2026-04-13 17:26:01
11,0,10,2026-04-13 17:26:02
11,0,10,2026-04-13 17:26:03
11,1,9,2026-04-13 17:26:04
11,0,10,2026-04-13 17:26:05
11,1,9,2026-04-13 17:26:06
11,0,10,2026-04-13 17:26:07
11,1,9,2026-04-13 17:26:08
11,1,9,2026-04-13 17:26:09
11,1,9,2026-04-13 17:26:10
11,1,9,2026-04-13 17:26:11
11,1,9,2026-04-13 17:26:12
11,1,9,2026-04-13 17:26:13
11,2,8,2026-04-13 17:26:14
11,1,9,2026-04-13 17:26:15
11,2,8,2026-04-13 17:26:16
11,1,9,2026-04-13 17:26:17
11,1,9,2026-04-13 17:26:18
11,0,10,2026-04-13 17:26:32
11,0,10,2026-04-13 17:26:33
11,0,10,2026-04-13 17:26:34
11,0,10,2026-04-13 17:26:35
11,0,10,2026-04-13 17:26:36
11,0,10,2026-04-13 17:26:37
11,0,10,2026-04-13 17:26:38
11,0,10,2026-04-13 17:26:39
11,0,10,2026-04-13 17:26:40
11,0,10,2026-04-13 17:26:41
11,0,10,2026-04-13 17:26:42
11,0,10,2026-04-13 17:26:43
11,0,10,2026-04-13 17:26:44
11,1,9,2026-04-13 17:26:45
11,1,9,2026-04-13 17:26:46
11,1,9,2026-04-13 17:26:47
11,1,9,2026-04-13 17:26:48
11,1,9,2026-04-13 17:26:49
11,1,9,2026-04-13 17:26:50
11,1,9,2026-04-13 17:26:51
11,1,9,2026-04-13 17:26:52
11,1,9,2026-04-13 17:26:53
11,1,9,2026-04-13 17:26:54
11,1,9,2026-04-13 17:26:55
11,1,9,2026-04-13 17:26:56
11,1,9,2026-04-13 17:26:57
11,1,9,2026-04-13 17:26:58
11,1,9,2026-04-13 17:26:59
11,1,9,2026-04-13 17:27:00
11,0,10,2026-04-13 17:34:39
11,0,10,2026-04-13 17:34:40
11,0,10,2026-04-13 17:34:41
11,0,10,2026-04-13 17:34:42
11,0,10,2026-04-13 17:34:43
11,0,10,2026-04-13 17:34:44
11,0,10,2026-04-13 17:34:45
11,0,10,2026-04-13 17:34:46
11,0,10,2026-04-13 17:34:47
11,0,10,2026-04-13 17:34:48
11,0,10,2026-04-13 17:34:49
11,0,10,2026-04-13 17:34:50
11,0,10,2026-04-13 17:34:51
11,0,10,2026-04-13 17:34:52
11,0,10,2026-04-13 17:34:53
11,0,10,2026-04-13 17:34:54
11,0,10,2026-04-13 17:34:55
11,0,10,2026-04-13 17:34:56
11,1,9,2026-04-13 17:34:57
11,1,9,2026-04-13 17:34:58
11,1,9,2026-04-13 17:34:59
11,1,9,2026-04-13 17:35:00
11,1,9,2026-04-13 17:35:01
11,1,9,2026-04-13 17:35:02
11,1,9,2026-04-13 17:35:03
11,1,9,2026-04-13 17:35:04
11,1,9,2026-04-13 17:35:05
11,1,9,2026-04-13 17:35:06
11,1,9,2026-04-13 17:35:07
11,1,9,2026-04-13 17:35:08
11,1,9,2026-04-13 17:35:09
11,1,9,2026-04-13 17:35:10
11,1,9,2026-04-13 17:35:11
11,1,9,2026-04-13 17:35:12
11,1,9,2026-04-13 17:35:13
11,1,9,2026-04-13 17:35:14
11,0,10,2026-04-13 17:39:52
11,0,10,2026-04-13 17:39:53
11,0,10,2026-04-13 17:39:54
11,0,10,2026-04-13 17:39:55
11,0,10,2026-04-13 17:39:56
11,0,10,2026-04-13 17:39:57
11,0,10,2026-04-13 17:39:58
11,0,10,2026-04-13 17:39:59
11,0,10,2026-04-13 17:40:00
11,0,10,2026-04-13 17:40:01
11,0,10,2026-04-13 17:40:02
11,0,10,2026-04-13 17:40:03
11,0,10,2026-04-13 17:40:04
11,1,9,2026-04-13 17:40:05
11,0,10,2026-04-13 17:40:06
11,0,10,2026-04-13 17:40:07
11,0,10,2026-04-13 17:40:08
11,0,10,2026-04-13 17:40:09
11,0,10,2026-04-13 17:40:10
11,0,10,2026-04-13 17:40:11
11,1,9,2026-04-13 17:40:12
11,0,10,2026-04-13 17:40:13
11,1,9,2026-04-13 17:40:14
11,1,9,2026-04-13 17:40:15
11,1,9,2026-04-13 17:40:16
11,1,9,2026-04-13 17:40:17
11,1,9,2026-04-13 17:40:18
11,1,9,2026-04-13 17:40:19
11,1,9,2026-04-13 17:40:20
11,1,9,2026-04-13 17:40:21
11,1,9,2026-04-13 17:40:22
11,1,9,2026-04-13 17:40:23
11,1,9,2026-04-13 17:40:24
11,1,9,2026-04-13 17:40:25
11,1,9,2026-04-13 17:40:26
11,1,9,2026-04-13 17:40:27
11,1,9,2026-04-13 17:40:28
11,1,9,2026-04-13 17:40:29
11,1,9,2026-04-13 17:40:30
11,1,9,2026-04-13 17:40:31
11,1,9,2026-04-13 17:40:32
11,1,9,2026-04-13 17:40:33
11,1,9,2026-04-13 17:40:34
11,1,9,2026-04-13 17:40:35
11,1,9,2026-04-13 17:40:36
11,1,9,2026-04-13 17:40:37
11,1,9,2026-04-13 17:40:38
11,1,9,2026-04-13 17:40:39
11,1,9,2026-04-13 17:40:40
11,1,9,2026-04-13 17:40:41
11,2,8,2026-04-13 17:40:42
11,3,7,2026-04-13 17:40:43
11,2,8,2026-04-13 17:40:44
11,2,8,2026-04-13 17:40:45
11,1,9,2026-04-13 17:40:46
11,2,8,2026-04-13 17:40:47
11,2,8,2026-04-13 17:40:48
11,3,7,2026-04-13 17:40:49
11,2,8,2026-04-13 17:40:50
11,1,9,2026-04-13 17:40:51
11,2,8,2026-04-13 17:40:52
11,1,9,2026-04-13 17:40:53
11,2,8,2026-04-13 17:40:54
11,3,7,2026-04-13 17:40:55
11,2,8,2026-04-13 17:40:56
11,2,8,2026-04-13 17:40:57
11,2,8,2026-04-13 17:40:58
11,2,8,2026-04-13 17:40:59
11,2,8,2026-04-13 17:41:00
11,2,8,2026-04-13 17:41:01
11,2,8,2026-04-13 17:41:02
11,2,8,2026-04-13 17:41:03
11,2,8,2026-04-13 17:41:04
11,2,8,2026-04-13 17:41:05
11,0,10,2026-04-13 17:49:49
11,0,10,2026-04-13 17:49:50
11,0,10,2026-04-13 17:49:51
11,0,10,2026-04-13 17:49:52
11,0,10,2026-04-13 17:49:53
11,0,10,2026-04-13 17:49:54
11,0,10,2026-04-13 17:49:55
11,0,10,2026-04-13 17:49:56
11,0,10,2026-04-13 17:49:57
11,0,10,2026-04-13 17:49:58
11,0,10,2026-04-13 17:49:59
11,0,10,2026-04-13 17:50:00
11,0,10,2026-04-13 17:50:01
11,0,10,2026-04-13 17:50:02
11,0,10,2026-04-13 17:50:03
11,0,10,2026-04-13 17:50:04
11,0,10,2026-04-13 17:50:05
11,0,10,2026-04-13 17:50:06
11,0,10,2026-04-13 17:50:07
11,1,9,2026-04-13 17:50:08
11,1,9,2026-04-13 17:50:09
11,1,9,2026-04-13 17:50:10
11,1,9,2026-04-13 17:50:11
11,1,9,2026-04-13 17:50:12
11,1,9,2026-04-13 17:50:13
11,1,9,2026-04-13 17:50:14
11,1,9,2026-04-13 17:50:15
11,1,9,2026-04-13 17:50:16
11,1,9,2026-04-13 17:50:17
11,1,9,2026-04-13 17:50:18
11,1,9,2026-04-13 17:50:19
11,1,9,2026-04-13 17:50:20
11,1,9,2026-04-13 17:50:21
11,1,9,2026-04-13 17:50:22
11,1,9,2026-04-13 17:50:23
11,1,9,2026-04-13 17:50:24
11,0,10,2026-04-14 12:37:30
11,0,10,2026-04-14 12:37:31
11,0,10,2026-04-14 12:37:32
11,0,10,2026-04-14 12:37:33
11,0,10,2026-04-14 12:37:34
11,0,10,2026-04-14 12:37:35
11,0,10,2026-04-14 12:37:36
11,0,10,2026-04-14 12:37:37
11,0,10,2026-04-14 12:37:38
11,0,10,2026-04-14 12:37:39
11,0,10,2026-04-14 12:37:40
11,0,10,2026-04-14 12:37:41
11,0,10,2026-04-14 12:37:42
11,0,10,2026-04-14 12:37:43
11,0,10,2026-04-14 12:37:44
11,0,10,2026-04-14 12:37:45
11,0,10,2026-04-14 12:37:47
11,0,10,2026-04-14 12:37:47
11,0,10,2026-04-14 12:37:48
11,0,10,2026-04-14 12:37:49
11,0,10,2026-04-14 12:37:51
11,0,10,2026-04-14 12:37:52
11,0,10,2026-04-14 12:37:53
11,1,9,2026-04-14 12:37:54
11,1,9,2026-04-14 12:37:55
11,1,9,2026-04-14 12:37:56
11,1,9,2026-04-14 12:37:57
11,1,9,2026-04-14 12:37:58
11,1,9,2026-04-14 12:37:59
11,1,9,2026-04-14 12:38:00
11,1,9,2026-04-14 12:38:01
11,1,9,2026-04-14 12:38:02
11,1,9,2026-04-14 12:38:03
11,1,9,2026-04-14 12:38:04
11,1,9,2026-04-14 12:38:05
11,1,9,2026-04-14 12:38:06
11,1,9,2026-04-14 12:38:07
11,1,9,2026-04-14 12:38:08
11,1,9,2026-04-14 12:38:09
11,1,9,2026-04-14 12:38:10
11,1,9,2026-04-14 12:38:11
11,1,9,2026-04-14 12:38:12
11,1,9,2026-04-14 12:38:13
11,1,9,2026-04-14 12:38:14
11,1,9,2026-04-14 12:38:15
11,1,9,2026-04-14 12:38:16
11,1,9,2026-04-14 12:38:17
11,1,9,2026-04-14 12:38:18
11,1,9,2026-04-14 12:38:19
11,1,9,2026-04-14 12:38:20
11,1,9,2026-04-14 12:38:21
11,1,9,2026-04-14 12:38:22
11,1,9,2026-04-14 12:38:23
11,2,8,2026-04-14 12:38:24
11,2,8,2026-04-14 12:38:25
11,0,10,2026-04-14 12:43:23
11,0,10,2026-04-14 12:43:24
11,0,10,2026-04-14 12:43:25
11,0,10,2026-04-14 12:43:26
11,0,10,2026-04-14 12:43:27
11,0,10,2026-04-14 12:43:28
11,0,10,2026-04-14 12:43:29
11,0,10,2026-04-14 12:43:30
11,0,10,2026-04-14 12:43:31
11,0,10,2026-04-14 12:43:32
11,0,10,2026-04-14 12:43:33
11,0,10,2026-04-14 12:43:34
11,0,10,2026-04-14 12:43:35
11,0,10,2026-04-14 12:43:36
11,0,10,2026-04-14 12:43:37
11,0,10,2026-04-14 12:43:38
11,0,10,2026-04-14 12:43:39
11,0,10,2026-04-14 12:43:40
11,0,10,2026-04-14 12:43:41
11,0,10,2026-04-14 12:43:42
11,0,10,2026-04-14 12:43:43
11,0,10,2026-04-14 12:43:44
11,0,10,2026-04-14 12:43:45
11,0,10,2026-04-14 12:43:46
11,0,10,2026-04-14 12:43:47
11,0,10,2026-04-14 12:43:48
11,0,10,2026-04-14 12:43:49
11,0,10,2026-04-14 12:43:50
11,1,9,2026-04-14 12:43:51
11,1,9,2026-04-14 12:43:52
11,1,9,2026-04-14 12:43:53
11,1,9,2026-04-14 12:43:54
11,1,9,2026-04-14 12:43:55
11,1,9,2026-04-14 12:43:56
11,1,9,2026-04-14 12:43:57
11,1,9,2026-04-14 12:43:58
11,1,9,2026-04-14 12:43:59
11,1,9,2026-04-14 12:44:00
11,1,9,2026-04-14 12:44:01
11,1,9,2026-04-14 12:44:03
11,1,9,2026-04-14 12:44:03
11,1,9,2026-04-14 12:44:04
11,1,9,2026-04-14 12:44:05
11,1,9,2026-04-14 12:44:06
11,1,9,2026-04-14 12:44:07
11,1,9,2026-04-14 12:44:08
11,1,9,2026-04-14 12:44:09
11,1,9,2026-04-14 12:44:10
11,1,9,2026-04-14 12:44:11
11,1,9,2026-04-14 12:44:12
11,1,9,2026-04-14 12:44:13
11,1,9,2026-04-14 12:44:14
11,1,9,2026-04-14 12:44:15
11,1,9,2026-04-14 12:44:16
11,1,9,2026-04-14 12:44:17
11,1,9,2026-04-14 12:44:18
11,2,8,2026-04-14 12:44:19
11,2,8,2026-04-14 12:44:20
11,2,8,2026-04-14 12:44:21
11,2,8,2026-04-14 12:44:22
11,2,8,2026-04-14 12:44:23
11,2,8,2026-04-14 12:44:24
11,2,8,2026-04-14 12:44:25
11,2,8,2026-04-14 12:44:26
11,2,8,2026-04-14 12:44:27
11,2,8,2026-04-14 12:44:29
11,0,10,2026-04-14 12:49:53
11,0,10,2026-04-14 12:49:54
11,0,10,2026-04-14 12:49:55
11,0,10,2026-04-14 12:49:56
11,0,10,2026-04-14 12:49:57
11,0,10,2026-04-14 12:49:58
11,0,10,2026-04-14 12:49:59
11,0,10,2026-04-14 12:50:00
11,0,10,2026-04-14 12:50:01
11,0,10,2026-04-14 12:50:02
11,0,10,2026-04-14 12:50:03
11,0,10,2026-04-14 12:50:04
11,0,10,2026-04-14 12:50:05
11,0,10,2026-04-14 12:50:06
11,0,10,2026-04-14 12:50:07
11,0,10,2026-04-14 12:50:08
11,0,10,2026-04-14 12:50:09
11,0,10,2026-04-14 12:50:10
11,0,10,2026-04-14 12:50:11
11,0,10,2026-04-14 12:50:12
11,1,9,2026-04-14 12:50:13
11,1,9,2026-04-14 12:50:14
11,1,9,2026-04-14 12:50:15
11,1,9,2026-04-14 12:50:16
11,1,9,2026-04-14 12:50:17
11,1,9,2026-04-14 12:50:18
11,1,9,2026-04-14 12:50:19
11,1,9,2026-04-14 12:50:20
11,1,9,2026-04-14 12:50:21
11,1,9,2026-04-14 12:50:22
11,1,9,2026-04-14 12:50:23
11,1,9,2026-04-14 12:50:24
11,1,9,2026-04-14 12:50:25
11,1,9,2026-04-14 12:50:26
11,1,9,2026-04-14 12:50:27
11,1,9,2026-04-14 12:50:28
11,1,9,2026-04-14 12:50:29
11,1,9,2026-04-14 12:50:30
11,1,9,2026-04-14 12:50:31
11,1,9,2026-04-14 12:50:32
11,1,9,2026-04-14 12:50:33
11,1,9,2026-04-14 12:50:34
11,1,9,2026-04-14 12:50:35
11,1,9,2026-04-14 12:50:36
11,2,8,2026-04-14 12:50:37
11,2,8,2026-04-14 12:50:38
11,0,10,2026-04-14 13:22:16
11,0,10,2026-04-14 13:22:17
11,0,10,2026-04-14 13:22:18
11,0,10,2026-04-14 13:22:19
11,0,10,2026-04-14 13:22:20
11,0,10,2026-04-14 13:22:21
11,0,10,2026-04-14 13:22:22
11,0,10,2026-04-14 13:22:23
11,0,10,2026-04-14 13:22:24
11,0,10,2026-04-14 13:26:19
11,0,10,2026-04-14 13:26:20
11,0,10,2026-04-14 13:26:21
11,0,10,2026-04-14 13:26:22
11,0,10,2026-04-14 13:26:23
11,0,10,2026-04-14 13:26:24
11,0,10,2026-04-14 13:26:26
11,0,10,2026-04-14 13:26:27
11,0,10,2026-04-14 13:26:28
11,0,10,2026-04-14 13:26:29
11,0,10,2026-04-14 13:26:30
11,0,10,2026-04-14 13:26:31
11,0,10,2026-04-14 13:26:32
11,0,10,2026-04-14 13:26:33
11,0,10,2026-04-14 13:26:34
11,0,10,2026-04-14 13:26:35
11,0,10,2026-04-14 13:26:36
11,0,10,2026-04-14 13:26:37
11,0,10,2026-04-14 13:26:38
11,0,10,2026-04-14 13:26:39
11,1,9,2026-04-14 13:26:40
11,1,9,2026-04-14 13:26:41
11,1,9,2026-04-14 13:26:42
11,1,9,2026-04-14 13:26:43
11,1,9,2026-04-14 13:26:44
11,1,9,2026-04-14 13:26:45
11,1,9,2026-04-14 13:26:46
11,1,9,2026-04-14 13:26:47
11,1,9,2026-04-14 13:26:48
11,1,9,2026-04-14 13:26:49
11,1,9,2026-04-14 13:26:50
11,1,9,2026-04-14 13:26:51
11,1,9,2026-04-14 13:26:52
11,1,9,2026-04-14 13:26:53
11,1,9,2026-04-14 13:26:54
11,1,9,2026-04-14 13:26:55
11,1,9,2026-04-14 13:26:56
11,1,9,2026-04-14 13:26:57
11,1,9,2026-04-14 13:26:58
11,1,9,2026-04-14 13:26:59
11,2,8,2026-04-14 13:27:00
11,2,8,2026-04-14 13:27:01
11,2,8,2026-04-14 13:27:02
11,0,10,2026-04-14 13:46:20
11,0,10,2026-04-14 13:46:21
11,0,10,2026-04-14 13:46:22
11,0,10,2026-04-14 13:46:23
11,0,10,2026-04-14 13:46:24
11,0,10,2026-04-14 13:46:25
11,0,10,2026-04-14 13:46:26
11,0,10,2026-04-14 13:46:27
11,0,10,2026-04-14 13:46:28
11,0,10,2026-04-14 13:46:29
11,0,10,2026-04-14 13:46:30
11,0,10,2026-04-14 13:46:31
11,0,10,2026-04-14 13:46:32
11,0,10,2026-04-14 13:46:33
11,0,10,2026-04-14 13:46:34
11,0,10,2026-04-14 13:46:35
11,0,10,2026-04-14 13:46:36
11,0,10,2026-04-14 13:46:37
11,1,9,2026-04-14 13:46:38
11,1,9,2026-04-14 13:46:39
11,1,9,2026-04-14 13:46:40
11,1,9,2026-04-14 13:46:41
11,1,9,2026-04-14 13:46:42
11,1,9,2026-04-14 13:46:43
11,1,9,2026-04-14 13:46:44
11,1,9,2026-04-14 13:46:45
11,1,9,2026-04-14 13:46:46
11,1,9,2026-04-14 13:46:47
11,1,9,2026-04-14 13:46:48
11,1,9,2026-04-14 13:46:49
11,1,9,2026-04-14 13:46:50
11,1,9,2026-04-14 13:46:51
11,1,9,2026-04-14 13:46:52
11,1,9,2026-04-14 13:46:53
11,1,9,2026-04-14 13:46:54
11,1,9,2026-04-14 13:46:55
11,1,9,2026-04-14 13:46:56
11,1,9,2026-04-14 13:46:57
11,1,9,2026-04-14 13:46:58
11,1,9,2026-04-14 13:46:59
11,1,9,2026-04-14 13:47:00
11,2,8,2026-04-14 13:47:01
11,2,8,2026-04-14 13:47:02
11,2,8,2026-04-14 13:47:03
11,2,8,2026-04-14 13:47:04
11,0,10,2026-04-14 13:48:40
11,0,10,2026-04-14 13:48:41
11,0,10,2026-04-14 13:48:48
11,0,10,2026-04-14 13:48:53
11,0,10,2026-04-14 13:48:54
11,0,10,2026-04-14 13:49:01
11,1,9,2026-04-14 13:49:08
11,1,9,2026-04-14 13:49:09
11,1,9,2026-04-14 13:49:17
11,1,9,2026-04-14 13:49:19
11,1,9,2026-04-14 13:49:20
11,1,9,2026-04-14 13:49:28
11,1,9,2026-04-14 13:49:35
11,1,9,2026-04-14 13:49:38
11,1,9,2026-04-14 13:49:39
11,2,8,2026-04-14 13:49:48
11,2,8,2026-04-14 13:49:54
11,0,10,2026-04-14 13:56:02
11,0,10,2026-04-14 13:56:04
11,0,10,2026-04-14 13:56:05
11,0,10,2026-04-14 13:56:06
11,0,10,2026-04-14 13:56:08
11,0,10,2026-04-14 13:56:08
11,0,10,2026-04-14 13:56:09
11,0,10,2026-04-14 13:56:10
11,0,10,2026-04-14 13:56:12
11,0,10,2026-04-14 13:56:13
11,0,10,2026-04-14 13:56:14
11,0,10,2026-04-14 13:56:15
11,0,10,2026-04-14 13:56:16
11,0,10,2026-04-14 13:56:17
11,0,10,2026-04-14 13:56:18
11,0,10,2026-04-14 13:56:26
11,0,10,2026-04-14 13:56:28
11,0,10,2026-04-14 13:56:29
11,0,10,2026-04-14 13:56:35
11,0,10,2026-04-14 13:56:36
11,0,10,2026-04-14 13:56:38
11,0,10,2026-04-14 13:56:41
11,1,9,2026-04-14 13:56:46
11,1,9,2026-04-14 13:56:59
11,1,9,2026-04-14 13:57:00
11,1,9,2026-04-14 13:57:01
11,1,9,2026-04-14 13:57:02
11,1,9,2026-04-14 13:57:08
11,1,9,2026-04-14 13:57:09
11,1,9,2026-04-14 13:57:13
11,1,9,2026-04-14 13:57:22
11,1,9,2026-04-14 13:57:23
11,2,8,2026-04-14 13:57:34
11,2,8,2026-04-14 13:57:35
11,2,8,2026-04-14 13:57:38
11,2,8,2026-04-14 13:57:41
11,2,8,2026-04-14 13:57:42
11,2,8,2026-04-14 13:57:43
11,2,8,2026-04-14 13:57:44
11,2,8,2026-04-14 13:57:47
11,2,8,2026-04-14 13:57:51
11,0,10,2026-04-14 14:10:49
11,0,10,2026-04-14 14:10:50
11,0,10,2026-04-14 14:10:51
11,0,10,2026-04-14 14:10:52
11,0,10,2026-04-14 14:10:53
11,0,10,2026-04-14 14:10:54
11,0,10,2026-04-14 14:10:57
11,0,10,2026-04-14 14:10:57
11,0,10,2026-04-14 14:10:58
11,0,10,2026-04-14 14:11:00
11,0,10,2026-04-14 14:11:40
11,0,10,2026-04-14 14:11:42
11,0,10,2026-04-14 14:11:43
11,0,10,2026-04-14 14:11:49
11,0,10,2026-04-14 14:11:51
11,0,10,2026-04-14 14:11:52
11,1,9,2026-04-14 14:12:01
11,1,9,2026-04-14 14:12:10
11,1,9,2026-04-14 14:12:11
11,1,9,2026-04-14 14:12:14
11,1,9,2026-04-14 14:12:19
11,1,9,2026-04-14 14:12:20
11,1,9,2026-04-14 14:12:22
11,1,9,2026-04-14 14:12:40
11,1,9,2026-04-14 14:12:41
11,1,9,2026-04-14 14:12:43
11,1,9,2026-04-14 14:12:54
11,1,9,2026-04-14 14:12:55
11,1,9,2026-04-14 14:12:56
11,1,9,2026-04-14 14:13:02
11,1,9,2026-04-14 14:13:08
11,1,9,2026-04-14 14:13:13
11,2,8,2026-04-14 14:13:16
11,2,8,2026-04-14 14:13:19
11,2,8,2026-04-14 14:13:22
11,2,8,2026-04-14 14:13:25
11,2,8,2026-04-14 14:13:25
11,2,8,2026-04-14 14:13:27
11,2,8,2026-04-14 14:13:28
11,2,8,2026-04-14 14:13:28
11,2,8,2026-04-14 14:13:29
11,2,8,2026-04-14 14:13:32
11,0,10,2026-04-14 14:18:50
11,0,10,2026-04-14 14:18:52
11,0,10,2026-04-14 14:18:53
11,0,10,2026-04-14 14:18:54
11,0,10,2026-04-14 14:18:55
11,0,10,2026-04-14 14:18:58
11,0,10,2026-04-14 14:18:58
11,0,10,2026-04-14 14:18:59
11,0,10,2026-04-14 14:19:00
11,0,10,2026-04-14 14:19:01
11,0,10,2026-04-14 14:19:02
11,0,10,2026-04-14 14:19:05
11,1,9,2026-04-14 14:19:07
11,1,9,2026-04-14 14:19:07
11,1,9,2026-04-14 14:19:08
11,1,9,2026-04-14 14:19:09
11,1,9,2026-04-14 14:19:17
11,1,9,2026-04-14 14:19:19
11,0,10,2026-04-14 14:26:57
11,0,10,2026-04-14 14:27:01
11,0,10,2026-04-14 14:27:03
11,0,10,2026-04-14 14:27:03
11,0,10,2026-04-14 14:27:05
11,0,10,2026-04-14 14:27:05
11,0,10,2026-04-14 14:27:06
11,0,10,2026-04-14 14:27:11
11,0,10,2026-04-14 14:27:18
11,1,9,2026-04-14 14:27:19
11,1,9,2026-04-14 14:27:27
11,1,9,2026-04-14 14:27:28
11,0,10,2026-04-14 14:29:40
11,0,10,2026-04-14 14:29:41
11,0,10,2026-04-14 14:29:42
11,0,10,2026-04-14 14:29:43
11,0,10,2026-04-14 14:29:44
11,0,10,2026-04-14 14:29:46
11,0,10,2026-04-14 14:29:46
11,0,10,2026-04-14 14:29:47
11,0,10,2026-04-14 14:29:48
11,0,10,2026-04-14 14:29:56
11,0,10,2026-04-14 14:30:04
11,0,10,2026-04-14 14:30:07
11,0,10,2026-04-14 14:30:12
11,1,9,2026-04-14 14:30:13
11,1,9,2026-04-14 14:30:15
11,1,9,2026-04-14 14:30:25
11,1,9,2026-04-14 14:30:28
11,1,9,2026-04-14 14:30:31
11,1,9,2026-04-14 14:30:34
11,1,9,2026-04-14 14:30:37
11,1,9,2026-04-14 14:30:41
11,1,9,2026-04-14 14:30:42
11,1,9,2026-04-14 14:30:43
11,1,9,2026-04-14 14:30:45
11,1,9,2026-04-14 14:30:46
11,1,9,2026-04-14 14:30:56
11,1,9,2026-04-14 14:31:03
11,1,9,2026-04-14 14:31:27
11,1,9,2026-04-14 14:31:29
11,1,9,2026-04-14 14:31:33
11,1,9,2026-04-14 14:31:35
11,2,8,2026-04-14 14:31:40
11,2,8,2026-04-14 14:31:43
11,2,8,2026-04-14 14:31:45
11,2,8,2026-04-14 14:31:49
11,2,8,2026-04-14 14:31:50
11,2,8,2026-04-14 14:31:51
11,0,10,2026-04-14 14:50:18
11,0,10,2026-04-14 14:50:19
11,0,10,2026-04-14 14:50:20
11,0,10,2026-04-14 14:50:21
11,0,10,2026-04-14 14:50:23
11,0,10,2026-04-14 14:50:33
11,0,10,2026-04-14 14:50:34
11,0,10,2026-04-14 14:50:35
11,0,10,2026-04-14 14:50:38
11,1,9,2026-04-14 14:50:39
11,1,9,2026-04-14 14:50:42
11,1,9,2026-04-14 14:50:44
11,1,9,2026-04-14 14:51:01
11,1,9,2026-04-14 14:51:08
11,1,9,2026-04-14 14:51:11
11,1,9,2026-04-14 14:51:15
11,1,9,2026-04-14 14:51:16
11,1,9,2026-04-14 14:51:17
11,1,9,2026-04-14 14:51:22
11,2,8,2026-04-14 14:51:35
11,2,8,2026-04-14 14:51:38
11,0,10,2026-04-14 15:02:05
11,0,10,2026-04-14 15:02:09
11,1,9,2026-04-14 15:02:11
11,1,9,2026-04-14 15:02:15
11,1,9,2026-04-14 15:02:16
11,1,9,2026-04-14 15:02:17
11,1,9,2026-04-14 15:02:29
11,1,9,2026-04-14 15:02:30
11,1,9,2026-04-14 15:02:31
11,1,9,2026-04-14 15:02:32
11,1,9,2026-04-14 15:02:33
11,1,9,2026-04-14 15:02:34
11,1,9,2026-04-14 15:02:35
11,1,9,2026-04-14 15:02:36
11,1,9,2026-04-14 15:02:42
11,1,9,2026-04-14 15:02:47
11,1,9,2026-04-14 15:02:48
11,1,9,2026-04-14 15:02:51
11,1,9,2026-04-14 15:02:53
11,1,9,2026-04-14 15:02:56
11,2,8,2026-04-14 15:02:58
11,2,8,2026-04-14 15:03:01
11,0,10,2026-04-14 15:13:51
11,0,10,2026-04-14 15:13:53
11,0,10,2026-04-14 15:13:54
11,0,10,2026-04-14 15:13:55
11,0,10,2026-04-14 15:13:57
11,0,10,2026-04-14 15:13:57
11,0,10,2026-04-14 15:14:00
11,0,10,2026-04-14 15:14:00
11,0,10,2026-04-14 15:14:01
11,0,10,2026-04-14 15:14:07
11,1,9,2026-04-14 15:14:07
11,1,9,2026-04-14 15:14:08
11,1,9,2026-04-14 15:14:09
11,1,9,2026-04-14 15:14:11
11,1,9,2026-04-14 15:14:20
11,1,9,2026-04-14 15:14:21
11,1,9,2026-04-14 15:14:22
11,1,9,2026-04-14 15:14:23
11,1,9,2026-04-14 15:14:34
11,1,9,2026-04-14 15:14:37
11,1,9,2026-04-14 15:14:38
11,1,9,2026-04-14 15:14:39
11,1,9,2026-04-14 15:14:40
11,1,9,2026-04-14 15:14:47
11,1,9,2026-04-14 15:14:48
11,1,9,2026-04-14 15:14:52
11,1,9,2026-04-14 15:15:03
11,1,9,2026-04-14 15:15:07
11,1,9,2026-04-14 15:15:12
11,1,9,2026-04-14 15:15:16
11,1,9,2026-04-14 15:15:17
11,2,8,2026-04-14 15:15:22
11,2,8,2026-04-14 15:15:23
11,2,8,2026-04-14 15:15:24
11,2,8,2026-04-14 15:15:27
11,2,8,2026-04-14 15:15:28
11,2,8,2026-04-14 15:15:33
11,2,8,2026-04-14 15:15:38
11,2,8,2026-04-14 15:15:39
11,10,0,2026-04-14 15:26:28
11,7,3,2026-04-14 15:26:30
11,4,6,2026-04-14 15:26:31
11,5,5,2026-04-14 15:26:32
11,5,5,2026-04-14 15:26:33
11,0,10,2026-04-14 15:26:34
11,0,10,2026-04-14 15:26:38
11,0,10,2026-04-14 15:26:39
11,0,10,2026-04-14 15:26:49
11,0,10,2026-04-14 15:26:50
11,0,10,2026-04-14 15:26:51
11,0,10,2026-04-14 15:26:53
11,0,10,2026-04-14 15:26:54
11,0,10,2026-04-14 15:26:55
11,0,10,2026-04-14 15:26:57
11,1,9,2026-04-14 15:27:01
11,1,9,2026-04-14 15:27:04
11,1,9,2026-04-14 15:27:08
11,1,9,2026-04-14 15:27:11
11,1,9,2026-04-14 15:27:14
11,1,9,2026-04-14 15:27:19
11,1,9,2026-04-14 15:27:20
11,1,9,2026-04-14 15:27:25
11,1,9,2026-04-14 15:27:26
11,1,9,2026-04-14 15:27:30
11,1,9,2026-04-14 15:27:32
11,1,9,2026-04-14 15:27:32
11,1,9,2026-04-14 15:27:33
11,1,9,2026-04-14 15:27:35
11,1,9,2026-04-14 15:27:36
11,1,9,2026-04-14 15:27:37
11,1,9,2026-04-14 15:27:42
11,2,8,2026-04-14 15:27:44
11,0,10,2026-04-14 15:31:04
11,0,10,2026-04-14 15:31:06
11,0,10,2026-04-14 15:31:11
11,0,10,2026-04-14 15:31:25
11,0,10,2026-04-14 15:31:25
11,0,10,2026-04-14 15:31:26
11,0,10,2026-04-14 15:31:28
11,0,10,2026-04-14 15:31:32
11,0,10,2026-04-14 15:31:41
11,1,9,2026-04-14 15:31:51
11,1,9,2026-04-14 15:31:53
11,1,9,2026-04-14 15:31:56
11,1,9,2026-04-14 15:31:58
11,1,9,2026-04-14 15:32:00
11,1,9,2026-04-14 15:32:02
11,1,9,2026-04-14 15:32:05
11,1,9,2026-04-14 15:32:07
11,0,10,2026-04-14 15:41:48
11,0,10,2026-04-14 15:41:50
11,0,10,2026-04-14 15:41:51
11,0,10,2026-04-14 15:41:52
11,0,10,2026-04-14 15:41:53
11,0,10,2026-04-14 15:41:55
11,0,10,2026-04-14 15:42:00
11,1,9,2026-04-14 15:42:00
11,1,9,2026-04-14 15:42:01
11,1,9,2026-04-14 15:42:03
11,1,9,2026-04-14 15:42:15
11,1,9,2026-04-14 15:42:16
11,1,9,2026-04-14 15:42:17
11,1,9,2026-04-14 15:42:18
11,1,9,2026-04-14 15:42:26
11,1,9,2026-04-14 15:42:27
11,1,9,2026-04-14 15:42:28
11,1,9,2026-04-14 15:42:33
11,1,9,2026-04-14 15:42:36
11,1,9,2026-04-14 15:42:38
11,1,9,2026-04-14 15:42:41
11,1,9,2026-04-14 15:42:47
11,0,10,2026-04-14 15:46:43
11,0,10,2026-04-14 15:46:45
11,0,10,2026-04-14 15:46:48
11,0,10,2026-04-14 15:46:49
11,0,10,2026-04-14 15:46:49
11,0,10,2026-04-14 15:46:50
11,0,10,2026-04-14 15:46:50
11,1,9,2026-04-14 15:47:03
11,1,9,2026-04-14 15:47:09
11,1,9,2026-04-14 15:47:09
11,1,9,2026-04-14 15:47:13
11,1,9,2026-04-14 15:47:13
11,1,9,2026-04-14 15:47:14
11,1,9,2026-04-14 15:47:21
11,1,9,2026-04-14 15:47:27
11,1,9,2026-04-14 15:47:31
11,1,9,2026-04-14 15:47:37
11,1,9,2026-04-14 15:47:39
11,2,8,2026-04-14 15:47:43
11,2,8,2026-04-14 15:47:46
11,2,8,2026-04-14 15:48:01
11,2,8,2026-04-14 15:48:02
11,2,8,2026-04-14 15:48:04
11,2,8,2026-04-14 15:48:05
12,0,10,2026-04-16 17:36:34
12,0,10,2026-04-16 17:36:35
12,0,10,2026-04-16 17:36:36
12,0,10,2026-04-16 17:36:37
12,0,10,2026-04-16 17:36:38
12,0,10,2026-04-16 17:36:39
12,0,10,2026-04-16 17:36:40
12,0,10,2026-04-16 17:36:41
12,0,10,2026-04-16 17:36:42
12,0,10,2026-04-16 17:36:43
12,0,10,2026-04-16 17:36:44
12,0,10,2026-04-16 17:36:46
12,0,10,2026-04-16 17:36:47
12,0,10,2026-04-16 17:36:48
12,0,10,2026-04-16 17:36:49
12,0,10,2026-04-16 17:36:50
12,1,9,2026-04-16 17:36:51
12,1,9,2026-04-16 17:36:52
12,1,9,2026-04-16 17:36:53
12,1,9,2026-04-16 17:36:54
12,1,9,2026-04-16 17:36:55
12,1,9,2026-04-16 17:36:56
12,1,9,2026-04-16 17:36:57
12,1,9,2026-04-16 17:36:58
12,1,9,2026-04-16 17:36:59
12,1,9,2026-04-16 17:37:00
12,1,9,2026-04-16 17:37:01
12,1,9,2026-04-16 17:37:02
12,1,9,2026-04-16 17:37:03
12,1,9,2026-04-16 17:37:04
12,1,9,2026-04-16 17:37:05
12,1,9,2026-04-16 17:37:06
12,1,9,2026-04-16 17:37:07
12,1,9,2026-04-16 17:37:08
12,1,9,2026-04-16 17:37:09
12,1,9,2026-04-16 17:37:10
12,1,9,2026-04-16 17:37:11
12,1,9,2026-04-16 17:37:12
12,1,9,2026-04-16 17:37:13
12,1,9,2026-04-16 17:37:14
12,1,9,2026-04-16 17:37:15
12,1,9,2026-04-16 17:37:16
12,1,9,2026-04-16 17:37:17
12,1,9,2026-04-16 17:37:18
12,1,9,2026-04-16 17:37:19
12,1,9,2026-04-16 17:37:20
12,1,9,2026-04-16 17:37:21
12,1,9,2026-04-16 17:37:22
12,1,9,2026-04-16 17:37:23
12,1,9,2026-04-16 17:37:24
12,1,9,2026-04-16 17:37:25
12,1,9,2026-04-16 17:37:26
12,1,9,2026-04-16 17:37:27
12,1,9,2026-04-16 17:37:28
12,1,9,2026-04-16 17:37:29
12,1,9,2026-04-16 17:37:30
12,1,9,2026-04-16 17:37:31
12,1,9,2026-04-16 17:37:32
12,0,10,2026-04-16 17:37:33
12,0,10,2026-04-16 17:37:34
12,0,10,2026-04-16 17:37:35
12,0,10,2026-04-16 17:37:36
12,0,10,2026-04-16 17:37:37
12,0,10,2026-04-16 17:37:38
12,0,10,2026-04-16 17:37:39
12,0,10,2026-04-16 17:37:40
12,0,10,2026-04-16 17:37:41
12,0,10,2026-04-16 17:37:42
12,0,10,2026-04-16 17:37:43
12,0,10,2026-04-16 17:37:44
12,0,10,2026-04-16 17:37:45
12,0,10,2026-04-16 17:37:46
12,0,10,2026-04-16 17:37:47
12,0,10,2026-04-16 17:37:48
12,0,10,2026-04-16 17:37:49
12,0,10,2026-04-16 17:37:50
12,0,10,2026-04-16 17:37:51
12,0,10,2026-04-16 17:37:52
12,0,10,2026-04-16 17:37:53
12,0,10,2026-04-16 17:37:54
12,0,10,2026-04-16 17:37:55
12,0,10,2026-04-16 17:37:56
12,0,10,2026-04-16 17:37:57
12,0,10,2026-04-16 17:37:58
12,0,10,2026-04-16 17:37:59
12,0,10,2026-04-16 17:38:00
12,0,10,2026-04-16 17:38:01
12,0,10,2026-04-16 17:38:02
12,0,10,2026-04-16 17:38:03
12,0,10,2026-04-16 17:38:04
12,0,10,2026-04-16 17:38:05
12,0,10,2026-04-16 17:38:06
12,0,10,2026-04-16 17:38:07
12,0,10,2026-04-16 17:38:08
12,0,10,2026-04-16 17:38:09
12,0,10,2026-04-16 17:38:10
12,0,10,2026-04-16 17:38:11
12,0,10,2026-04-16 17:38:12
12,0,10,2026-04-16 17:38:13
12,0,10,2026-04-16 17:38:14
12,0,10,2026-04-16 17:38:15
12,0,10,2026-04-16 17:38:16
12,0,10,2026-04-16 17:38:17
12,0,10,2026-04-16 17:38:18
12,0,10,2026-04-16 17:38:19
12,0,10,2026-04-16 17:38:20
12,0,10,2026-04-16 17:38:21
12,0,10,2026-04-16 17:38:22
12,0,10,2026-04-16 17:38:23
12,0,10,2026-04-16 17:38:24
12,0,10,2026-04-16 17:38:25
12,0,10,2026-04-16 17:38:26
12,0,10,2026-04-16 17:38:27
12,0,10,2026-04-16 17:45:49
12,0,10,2026-04-16 17:45:50
12,0,10,2026-04-16 17:45:51
12,0,10,2026-04-16 17:45:52
12,0,10,2026-04-16 17:45:53
12,0,10,2026-04-16 17:45:54
12,0,10,2026-04-16 17:45:55
12,0,10,2026-04-16 17:45:56
12,0,10,2026-04-16 17:45:59
12,0,10,2026-04-16 17:46:00
12,0,10,2026-04-16 17:46:01
12,0,10,2026-04-16 17:46:02
12,0,10,2026-04-16 17:46:03
12,0,10,2026-04-16 17:46:04
12,1,9,2026-04-16 17:46:05
12,1,9,2026-04-16 17:46:06
12,1,9,2026-04-16 17:46:07
12,1,9,2026-04-16 17:46:08
12,1,9,2026-04-16 17:46:09
12,1,9,2026-04-16 17:46:10
12,1,9,2026-04-16 17:46:11
12,1,9,2026-04-16 17:46:12
12,1,9,2026-04-16 17:46:13
12,1,9,2026-04-16 17:46:14
12,1,9,2026-04-16 17:46:15
12,1,9,2026-04-16 17:46:16
12,1,9,2026-04-16 17:46:17
12,1,9,2026-04-16 17:46:18
12,1,9,2026-04-16 17:46:19
12,1,9,2026-04-16 17:46:20
12,1,9,2026-04-16 17:46:21
12,1,9,2026-04-16 17:46:22
12,1,9,2026-04-16 17:46:23
12,1,9,2026-04-16 17:46:24
12,1,9,2026-04-16 17:46:25
12,1,9,2026-04-16 17:46:26
12,2,8,2026-04-16 17:46:27
12,2,8,2026-04-16 17:46:28
12,2,8,2026-04-16 17:46:29
12,2,8,2026-04-16 17:46:30
12,2,8,2026-04-16 17:46:31
12,2,8,2026-04-16 17:46:32
12,2,8,2026-04-16 17:46:33
12,2,8,2026-04-16 17:46:34
12,2,8,2026-04-16 17:46:35
12,2,8,2026-04-16 17:46:36
12,2,8,2026-04-16 17:46:37
12,2,8,2026-04-16 17:46:38
12,2,8,2026-04-16 17:46:39
12,2,8,2026-04-16 17:46:40
12,2,8,2026-04-16 17:46:41
12,2,8,2026-04-16 17:46:42
12,2,8,2026-04-16 17:46:43
12,2,8,2026-04-16 17:46:44
12,2,8,2026-04-16 17:46:45
12,2,8,2026-04-16 17:46:46
12,2,8,2026-04-16 17:46:47
12,2,8,2026-04-16 17:46:48
12,2,8,2026-04-16 17:46:49
12,2,8,2026-04-16 17:46:50
12,2,8,2026-04-16 17:46:51
12,2,8,2026-04-16 17:46:52
12,2,8,2026-04-16 17:46:53
12,2,8,2026-04-16 17:46:54
12,2,8,2026-04-16 17:46:55
12,2,8,2026-04-16 17:46:56
12,2,8,2026-04-16 17:46:57
12,2,8,2026-04-16 17:46:58
12,2,8,2026-04-16 17:46:59
12,2,8,2026-04-16 17:47:00
12,2,8,2026-04-16 17:47:01
12,2,8,2026-04-16 17:47:02
12,2,8,2026-04-16 17:47:03
12,2,8,2026-04-16 17:47:04
12,2,8,2026-04-16 17:47:05
12,2,8,2026-04-16 17:47:06
12,1,9,2026-04-16 17:47:07
12,1,9,2026-04-16 17:47:08
12,1,9,2026-04-16 17:47:09
12,1,9,2026-04-16 17:47:10
12,1,9,2026-04-16 17:47:11
12,1,9,2026-04-16 17:47:12
12,1,9,2026-04-16 17:47:13
12,2,8,2026-04-16 17:47:14
12,1,9,2026-04-16 17:47:15
12,1,9,2026-04-16 17:47:16
12,1,9,2026-04-16 17:47:17
12,1,9,2026-04-16 17:47:18
12,1,9,2026-04-16 17:47:19
12,1,9,2026-04-16 17:47:20
12,1,9,2026-04-16 17:47:21
12,1,9,2026-04-16 17:47:22
12,1,9,2026-04-16 17:47:23
12,1,9,2026-04-16 17:47:24
12,1,9,2026-04-16 17:47:25
12,1,9,2026-04-16 17:47:26
12,1,9,2026-04-16 17:47:27
12,1,9,2026-04-16 17:47:28
12,1,9,2026-04-16 17:47:29
12,1,9,2026-04-16 17:47:30
12,1,9,2026-04-16 17:47:31
12,1,9,2026-04-16 17:47:32
12,1,9,2026-04-16 17:47:33
12,1,9,2026-04-16 17:47:34
12,1,9,2026-04-16 17:47:35
12,1,9,2026-04-16 17:47:36
12,1,9,2026-04-16 17:47:37
12,1,9,2026-04-16 17:47:38
12,1,9,2026-04-16 17:47:39
12,1,9,2026-04-16 17:47:40
12,1,9,2026-04-16 17:47:41
12,1,9,2026-04-16 17:47:42
12,1,9,2026-04-16 17:47:43
12,1,9,2026-04-16 17:47:44
12,1,9,2026-04-16 17:47:45
12,1,9,2026-04-16 17:47:46
12,1,9,2026-04-16 17:47:47
12,1,9,2026-04-16 17:47:48
12,1,9,2026-04-16 17:47:49
12,1,9,2026-04-16 17:47:50
12,1,9,2026-04-16 17:47:51
12,1,9,2026-04-16 17:47:52
12,1,9,2026-04-16 17:47:53
12,1,9,2026-04-16 17:47:54
12,1,9,2026-04-16 17:47:55
12,1,9,2026-04-16 17:47:56
12,1,9,2026-04-16 17:47:57
12,1,9,2026-04-16 17:47:58
12,1,9,2026-04-16 17:47:59
12,1,9,2026-04-16 17:48:00
12,1,9,2026-04-16 17:48:01
12,1,9,2026-04-16 17:48:02
12,1,9,2026-04-16 17:48:03
12,1,9,2026-04-16 17:48:04
12,1,9,2026-04-16 17:48:05
12,1,9,2026-04-16 17:48:06
12,1,9,2026-04-16 17:48:07
12,1,9,2026-04-16 17:48:08
12,1,9,2026-04-16 17:48:09
12,1,9,2026-04-16 17:48:10
12,0,10,2026-04-16 18:01:14
12,0,10,2026-04-16 18:01:15
12,0,10,2026-04-16 18:01:16
12,0,10,2026-04-16 18:01:17
12,0,10,2026-04-16 18:01:18
12,0,10,2026-04-16 18:01:19
12,0,10,2026-04-16 18:01:20
12,0,10,2026-04-16 18:01:21
12,0,10,2026-04-16 18:01:24
12,0,10,2026-04-16 18:01:25
12,0,10,2026-04-16 18:01:26
12,1,9,2026-04-16 18:01:27
12,1,9,2026-04-16 18:01:28
12,1,9,2026-04-16 18:01:29
12,1,9,2026-04-16 18:01:30
12,1,9,2026-04-16 18:01:31
12,1,9,2026-04-16 18:01:32
12,1,9,2026-04-16 18:01:33
12,1,9,2026-04-16 18:01:34
12,1,9,2026-04-16 18:01:35
12,1,9,2026-04-16 18:01:36
12,1,9,2026-04-16 18:01:37
12,1,9,2026-04-16 18:01:38
12,0,10,2026-04-16 18:01:39
12,0,10,2026-04-16 18:01:40
12,0,10,2026-04-16 18:01:41
12,0,10,2026-04-16 18:01:42
12,0,10,2026-04-16 18:01:43
12,1,9,2026-04-16 18:01:44
12,0,10,2026-04-16 18:01:45
12,0,10,2026-04-16 18:01:46
12,0,10,2026-04-16 18:01:47
12,1,9,2026-04-16 18:01:48
12,0,10,2026-04-16 18:01:49
12,0,10,2026-04-16 18:01:50
12,0,10,2026-04-16 18:01:51
12,0,10,2026-04-16 18:01:52
12,0,10,2026-04-16 18:01:53
12,0,10,2026-04-16 18:01:54
12,0,10,2026-04-16 18:01:55
12,0,10,2026-04-16 18:01:56
12,0,10,2026-04-16 18:01:57
12,0,10,2026-04-16 18:01:58
12,0,10,2026-04-16 18:01:59
12,0,10,2026-04-16 18:02:00
12,0,10,2026-04-16 18:02:01
12,0,10,2026-04-17 11:00:44
12,0,10,2026-04-17 11:00:45
12,0,10,2026-04-17 11:00:46
12,0,10,2026-04-17 11:00:47
12,0,10,2026-04-17 11:00:48
12,0,10,2026-04-17 11:00:51
12,0,10,2026-04-17 11:01:03
12,0,10,2026-04-17 11:01:04
12,0,10,2026-04-17 11:01:04
12,0,10,2026-04-17 11:01:05
12,0,10,2026-04-17 11:01:06
12,0,10,2026-04-17 11:01:11
12,0,10,2026-04-17 11:01:11
12,0,10,2026-04-17 11:01:18
12,0,10,2026-04-17 11:01:20
12,0,10,2026-04-17 11:01:26
12,1,9,2026-04-17 11:01:28
12,1,9,2026-04-17 11:01:31
12,1,9,2026-04-17 11:01:34
12,1,9,2026-04-17 11:01:35
12,1,9,2026-04-17 11:01:36
12,1,9,2026-04-17 11:01:37
12,1,9,2026-04-17 11:01:38
12,1,9,2026-04-17 11:01:41
12,1,9,2026-04-17 11:01:42
12,1,9,2026-04-17 11:01:47
12,1,9,2026-04-17 11:01:59
12,1,9,2026-04-17 11:02:00
12,1,9,2026-04-17 11:02:03
12,1,9,2026-04-17 11:02:05
12,1,9,2026-04-17 11:02:05
12,1,9,2026-04-17 11:02:06
12,1,9,2026-04-17 11:02:12
12,1,9,2026-04-17 11:02:13
12,2,8,2026-04-17 11:02:16
12,2,8,2026-04-17 11:02:19
12,2,8,2026-04-17 11:02:25
12,2,8,2026-04-17 11:02:27
12,2,8,2026-04-17 11:02:29
12,2,8,2026-04-17 11:02:30
12,2,8,2026-04-17 11:02:32
12,2,8,2026-04-17 11:02:34
12,2,8,2026-04-17 11:02:36
12,10,0,2026-04-17 12:31:00
12,10,0,2026-04-17 12:31:01
12,10,0,2026-04-17 12:31:02
12,10,0,2026-04-17 12:31:03
12,10,0,2026-04-17 12:31:04
12,10,0,2026-04-17 12:31:05
12,10,0,2026-04-17 12:31:06
12,10,0,2026-04-17 12:31:07
12,10,0,2026-04-17 12:31:08
12,10,0,2026-04-17 12:31:09
12,10,0,2026-04-17 12:31:10
12,10,0,2026-04-17 12:31:11
12,10,0,2026-04-17 12:31:12
12,10,0,2026-04-17 12:31:13
12,10,0,2026-04-17 12:31:14
12,10,0,2026-04-17 12:31:15
12,10,0,2026-04-17 12:31:16
12,10,0,2026-04-17 12:31:17
12,10,0,2026-04-17 12:31:18
12,10,0,2026-04-17 12:31:19
12,10,0,2026-04-17 12:31:20
12,10,0,2026-04-17 12:31:21
12,10,0,2026-04-17 12:31:22
12,10,0,2026-04-17 12:31:23
12,10,0,2026-04-17 12:31:24
12,10,0,2026-04-17 12:31:25
12,10,0,2026-04-17 12:31:26
12,10,0,2026-04-17 12:31:27
12,10,0,2026-04-17 12:31:28
12,10,0,2026-04-17 12:31:29
12,10,0,2026-04-17 12:31:30
12,10,0,2026-04-17 12:31:31
12,10,0,2026-04-17 12:31:32
12,10,0,2026-04-17 12:31:33
12,10,0,2026-04-17 12:31:34
12,10,0,2026-04-17 12:31:35
12,10,0,2026-04-17 12:31:36
12,10,0,2026-04-17 12:31:37
12,10,0,2026-04-17 12:31:38
12,10,0,2026-04-17 12:31:39
12,10,0,2026-04-17 12:31:40
12,10,0,2026-04-17 12:31:41
12,10,0,2026-04-17 12:31:42
12,10,0,2026-04-17 12:31:43
12,10,0,2026-04-17 12:31:44
12,10,0,2026-04-17 12:31:45
12,10,0,2026-04-17 12:31:46
12,10,0,2026-04-17 12:31:47
12,10,0,2026-04-17 12:31:48
12,10,0,2026-04-17 12:31:49
12,10,0,2026-04-17 12:31:50
12,10,0,2026-04-17 12:31:51
12,10,0,2026-04-17 12:31:52
12,10,0,2026-04-17 12:31:53
12,10,0,2026-04-17 12:31:54
12,10,0,2026-04-17 12:31:55
12,10,0,2026-04-17 12:31:56
12,10,0,2026-04-17 12:32:00
12,10,0,2026-04-17 12:32:04
12,10,0,2026-04-17 12:32:05
12,10,0,2026-04-17 12:32:05
12,10,0,2026-04-17 12:32:06
12,10,0,2026-04-17 12:32:07
12,10,0,2026-04-17 12:32:13
12,10,0,2026-04-17 12:32:14
12,10,0,2026-04-17 12:32:15
12,10,0,2026-04-17 12:32:16
12,10,0,2026-04-17 12:32:17
12,10,0,2026-04-17 12:32:18
12,10,0,2026-04-17 12:32:19
12,10,0,2026-04-17 12:32:20
12,10,0,2026-04-17 12:32:21
12,10,0,2026-04-17 12:32:22
12,10,0,2026-04-17 12:32:23
12,10,0,2026-04-17 12:32:24
12,10,0,2026-04-17 12:32:25
12,10,0,2026-04-17 12:32:26
12,10,0,2026-04-17 12:32:27
12,10,0,2026-04-17 12:32:28
12,10,0,2026-04-17 12:32:29
12,10,0,2026-04-17 12:32:30
12,10,0,2026-04-17 12:32:31
12,10,0,2026-04-17 12:32:32
12,10,0,2026-04-17 12:32:33
12,10,0,2026-04-17 12:32:40
12,10,0,2026-04-17 12:32:41
12,10,0,2026-04-17 12:32:42
12,10,0,2026-04-17 12:32:43
12,10,0,2026-04-17 12:32:44
12,10,0,2026-04-17 12:32:48
12,10,0,2026-04-17 12:32:49
12,10,0,2026-04-17 12:32:50
12,10,0,2026-04-17 12:32:51
12,10,0,2026-04-17 12:32:52
12,10,0,2026-04-17 12:32:53
12,10,0,2026-04-17 12:32:54
12,10,0,2026-04-17 12:32:55
12,10,0,2026-04-17 12:32:56
12,10,0,2026-04-17 12:32:57
12,10,0,2026-04-17 12:32:58
12,10,0,2026-04-17 12:32:59
12,10,0,2026-04-17 12:33:00
12,10,0,2026-04-17 12:33:01
12,10,0,2026-04-17 12:33:02
12,10,0,2026-04-17 12:33:03
12,10,0,2026-04-17 12:33:04
12,10,0,2026-04-17 12:33:05
12,10,0,2026-04-17 12:33:06
12,10,0,2026-04-17 12:33:07
12,4,6,2026-04-17 15:50:46
12,4,6,2026-04-17 15:50:47
12,4,6,2026-04-17 15:50:48
12,4,6,2026-04-17 15:50:49
12,4,6,2026-04-17 15:50:50
12,4,6,2026-04-17 15:50:51
12,4,6,2026-04-17 15:50:52
12,4,6,2026-04-17 15:50:53
12,4,6,2026-04-17 15:50:54
12,4,6,2026-04-17 15:50:55
12,4,6,2026-04-17 15:50:56
12,4,6,2026-04-17 15:50:57
12,4,6,2026-04-17 15:50:58
12,4,6,2026-04-17 15:50:59
12,4,6,2026-04-17 15:51:00
12,4,6,2026-04-17 15:51:01
12,4,6,2026-04-17 15:51:02
12,4,6,2026-04-17 15:51:03
12,4,6,2026-04-17 15:51:04
12,4,6,2026-04-17 15:51:05
12,4,6,2026-04-17 15:51:06
12,4,6,2026-04-17 15:51:07
12,4,6,2026-04-17 15:51:08
12,4,6,2026-04-17 15:51:09
12,4,6,2026-04-17 15:51:10
12,4,6,2026-04-17 15:51:11
12,4,6,2026-04-17 15:51:12
12,4,6,2026-04-17 15:51:13
12,4,6,2026-04-17 15:51:14
12,4,6,2026-04-17 15:51:15
12,4,6,2026-04-17 15:51:16
12,4,6,2026-04-17 15:51:17
12,4,6,2026-04-17 15:51:18
12,4,6,2026-04-17 15:51:19
12,4,6,2026-04-17 15:51:20
12,4,6,2026-04-17 15:51:21
12,4,6,2026-04-17 15:51:22
12,4,6,2026-04-17 15:51:23
12,4,6,2026-04-17 15:51:24
12,4,6,2026-04-17 15:51:25
12,4,6,2026-04-17 15:51:26
12,4,6,2026-04-17 15:51:27
12,4,6,2026-04-17 15:51:28
12,4,6,2026-04-17 15:51:29
12,4,6,2026-04-17 15:51:30
12,4,6,2026-04-17 15:51:31
12,4,6,2026-04-17 15:51:32
12,4,6,2026-04-17 15:51:33
12,4,6,2026-04-17 15:51:34
12,4,6,2026-04-17 15:51:35
12,4,6,2026-04-17 15:51:36
12,4,6,2026-04-17 15:51:37
12,4,6,2026-04-17 15:51:38
12,4,6,2026-04-17 15:51:39
12,4,6,2026-04-17 15:51:40
12,4,6,2026-04-17 15:51:41
12,4,6,2026-04-17 15:51:42
12,4,6,2026-04-17 15:51:43
12,4,6,2026-04-17 15:51:44
12,4,6,2026-04-17 15:51:45
12,4,6,2026-04-17 15:51:46
12,4,6,2026-04-17 15:51:47
12,4,6,2026-04-17 15:51:48
12,4,6,2026-04-17 15:51:49
12,4,6,2026-04-17 15:51:50
12,4,6,2026-04-17 15:51:51
12,4,6,2026-04-17 15:51:52
12,4,6,2026-04-17 15:51:53
12,4,6,2026-04-17 15:51:54
12,4,6,2026-04-17 15:51:55
12,4,6,2026-04-17 15:51:56
12,4,6,2026-04-17 15:51:57
12,4,6,2026-04-17 15:51:58
12,4,6,2026-04-17 15:51:59
12,4,6,2026-04-17 15:52:00
12,4,6,2026-04-17 15:52:01
12,4,6,2026-04-17 15:52:02
12,4,6,2026-04-17 15:52:03
12,4,6,2026-04-17 15:52:04
12,4,6,2026-04-17 15:52:05
12,4,6,2026-04-17 15:52:06
12,4,6,2026-04-17 15:52:07
12,4,6,2026-04-17 15:52:08
12,4,6,2026-04-17 15:52:09
12,4,6,2026-04-17 15:52:10
12,4,6,2026-04-17 15:52:11
12,4,6,2026-04-17 15:52:12
12,4,6,2026-04-17 15:52:13
12,4,6,2026-04-17 15:52:14
12,4,6,2026-04-17 15:52:15
12,4,6,2026-04-17 15:52:16
12,4,6,2026-04-17 15:52:17
12,4,6,2026-04-17 15:52:18
12,4,6,2026-04-17 15:52:19
12,4,6,2026-04-17 15:52:20
12,4,6,2026-04-17 15:52:21
12,4,6,2026-04-17 15:52:22
12,4,6,2026-04-17 15:52:23
12,4,6,2026-04-17 15:52:24
12,4,6,2026-04-17 15:52:25
12,4,6,2026-04-17 15:52:26
12,4,6,2026-04-17 15:52:27
12,4,6,2026-04-17 15:52:28
12,4,6,2026-04-17 15:52:29
12,4,6,2026-04-17 15:52:30
12,4,6,2026-04-17 15:52:31
12,4,6,2026-04-17 15:52:32
12,4,6,2026-04-17 15:52:33
12,4,6,2026-04-17 15:52:34
12,4,6,2026-04-17 15:52:35
12,4,6,2026-04-17 15:52:36
12,4,6,2026-04-17 15:52:37
12,4,6,2026-04-17 15:52:38
12,4,6,2026-04-17 15:52:39
12,4,6,2026-04-17 15:52:40
12,4,6,2026-04-17 15:52:41
12,4,6,2026-04-17 15:52:42
12,4,6,2026-04-17 15:52:43
12,4,6,2026-04-17 15:52:44
12,4,6,2026-04-17 15:52:45
12,4,6,2026-04-17 15:52:46
12,4,6,2026-04-17 15:52:47
12,4,6,2026-04-17 15:52:48
12,4,6,2026-04-17 15:52:49
12,4,6,2026-04-17 15:52:50
12,4,6,2026-04-17 15:52:51
12,4,6,2026-04-17 15:52:52
12,4,6,2026-04-17 15:52:53
12,4,6,2026-04-17 15:52:54
12,4,6,2026-04-17 15:52:55
12,4,6,2026-04-17 15:52:56
12,4,6,2026-04-17 15:52:57
12,4,6,2026-04-17 15:52:58
12,4,6,2026-04-17 15:52:59
12,4,6,2026-04-17 15:53:00
12,4,6,2026-04-17 15:53:01
12,4,6,2026-04-17 15:53:02
12,4,6,2026-04-17 15:53:03
12,4,6,2026-04-17 15:53:04
12,4,6,2026-04-17 15:53:05
12,4,6,2026-04-17 15:53:06
12,4,6,2026-04-17 15:53:07
12,4,6,2026-04-17 15:53:08
12,4,6,2026-04-17 15:53:09
12,4,6,2026-04-17 15:53:10
12,4,6,2026-04-17 15:53:11
12,4,6,2026-04-17 15:53:12
12,4,6,2026-04-17 15:53:13
12,4,6,2026-04-17 15:53:14
12,4,6,2026-04-17 15:53:15
12,4,6,2026-04-17 15:53:16
12,4,6,2026-04-17 15:53:17
12,4,6,2026-04-17 15:53:18
12,4,6,2026-04-17 15:53:19
12,4,6,2026-04-17 15:53:20
12,4,6,2026-04-17 15:53:21
12,4,6,2026-04-17 15:53:22
12,4,6,2026-04-17 15:53:23
12,4,6,2026-04-17 15:53:24
12,4,6,2026-04-17 15:53:25
12,4,6,2026-04-17 15:53:26
12,4,6,2026-04-17 15:53:27
12,4,6,2026-04-17 15:53:28
12,4,6,2026-04-17 15:53:29
12,4,6,2026-04-17 15:53:30
12,4,6,2026-04-17 15:53:31
12,4,6,2026-04-17 15:53:32
12,4,6,2026-04-17 15:53:33
12,4,6,2026-04-17 15:53:34
12,4,6,2026-04-17 15:53:35
12,4,6,2026-04-17 15:53:36
12,4,6,2026-04-17 15:53:37
12,4,6,2026-04-17 15:53:38
12,4,6,2026-04-17 15:53:39
12,4,6,2026-04-17 15:53:40
12,4,6,2026-04-17 15:53:41
12,4,6,2026-04-17 15:53:42
12,4,6,2026-04-17 15:53:43
12,4,6,2026-04-17 15:53:44
12,4,6,2026-04-17 15:53:45
12,4,6,2026-04-17 15:53:46
12,4,6,2026-04-17 15:53:47
12,4,6,2026-04-17 15:53:48
12,4,6,2026-04-17 15:53:49
12,4,6,2026-04-17 15:53:50
12,4,6,2026-04-17 15:53:51
12,4,6,2026-04-17 15:53:52
12,4,6,2026-04-17 15:53:53
12,4,6,2026-04-17 15:53:54
12,4,6,2026-04-17 15:53:55
12,4,6,2026-04-17 15:53:56
12,4,6,2026-04-17 15:53:57
12,4,6,2026-04-17 15:53:58
12,4,6,2026-04-17 15:53:59
12,4,6,2026-04-17 15:54:00
12,4,6,2026-04-17 15:54:01
12,4,6,2026-04-17 15:54:02
12,4,6,2026-04-17 15:54:03
12,4,6,2026-04-17 15:54:04
12,4,6,2026-04-17 15:54:05
12,4,6,2026-04-17 15:54:06
12,4,6,2026-04-17 15:54:07
12,4,6,2026-04-17 15:54:08
12,4,6,2026-04-17 15:54:09
12,4,6,2026-04-17 15:54:10
12,4,6,2026-04-17 15:54:11
12,4,6,2026-04-17 15:54:12
12,4,6,2026-04-17 15:54:13
12,4,6,2026-04-17 15:54:14
12,4,6,2026-04-17 15:54:15
12,4,6,2026-04-17 15:54:16
12,4,6,2026-04-17 15:54:17
12,4,6,2026-04-17 15:54:18
12,4,6,2026-04-17 15:54:19
12,4,6,2026-04-17 15:54:20
12,4,6,2026-04-17 15:54:21
12,4,6,2026-04-17 15:54:22
12,4,6,2026-04-17 15:54:23
12,4,6,2026-04-17 15:54:24
12,4,6,2026-04-17 15:54:25
12,4,6,2026-04-17 15:54:26
12,4,6,2026-04-17 15:54:27
12,4,6,2026-04-17 15:54:28
12,4,6,2026-04-17 15:54:29
12,4,6,2026-04-17 15:54:30
12,4,6,2026-04-17 15:54:31
12,4,6,2026-04-17 15:54:32
12,4,6,2026-04-17 15:54:33
12,4,6,2026-04-17 15:54:34
12,4,6,2026-04-17 15:54:35
12,4,6,2026-04-17 15:54:36
12,4,6,2026-04-17 15:54:37
12,4,6,2026-04-17 15:54:38
12,4,6,2026-04-17 15:54:39
12,4,6,2026-04-17 15:54:40
12,4,6,2026-04-17 15:54:41
12,4,6,2026-04-17 15:54:42
12,4,6,2026-04-17 15:54:43
12,4,6,2026-04-17 15:54:44
12,4,6,2026-04-17 15:54:45
12,4,6,2026-04-17 15:54:46
12,4,6,2026-04-17 15:54:47
12,4,6,2026-04-17 15:54:48
12,4,6,2026-04-17 15:54:49
12,4,6,2026-04-17 15:54:50
12,4,6,2026-04-17 15:54:51
12,4,6,2026-04-17 15:54:52
12,4,6,2026-04-17 15:54:53
12,4,6,2026-04-17 15:54:54
12,4,6,2026-04-17 15:54:55
12,4,6,2026-04-17 15:54:56
12,4,6,2026-04-17 15:54:57
12,4,6,2026-04-17 15:54:58
12,4,6,2026-04-17 15:54:59
12,4,6,2026-04-17 15:55:00
12,4,6,2026-04-17 15:55:01
12,4,6,2026-04-17 15:55:02
12,4,6,2026-04-17 15:55:03
12,4,6,2026-04-17 15:55:04
12,4,6,2026-04-17 15:55:05
12,4,6,2026-04-17 15:55:06
12,4,6,2026-04-17 15:55:07
12,4,6,2026-04-17 15:55:08
12,4,6,2026-04-17 15:55:09
12,4,6,2026-04-17 15:55:10
12,4,6,2026-04-17 15:55:11
12,4,6,2026-04-17 15:55:12
12,4,6,2026-04-17 15:55:13
12,4,6,2026-04-17 15:55:14
12,4,6,2026-04-17 15:55:15
12,4,6,2026-04-17 15:55:16
12,4,6,2026-04-17 15:55:17
12,4,6,2026-04-17 15:55:18
12,4,6,2026-04-17 15:55:19
12,4,6,2026-04-17 15:55:20
12,4,6,2026-04-17 15:55:21
12,4,6,2026-04-17 15:55:22
12,4,6,2026-04-17 15:55:23
12,4,6,2026-04-17 15:55:24
12,4,6,2026-04-17 15:55:25
12,4,6,2026-04-17 15:55:26
12,4,6,2026-04-17 15:55:27
12,4,6,2026-04-17 15:55:28
12,4,6,2026-04-17 15:55:29
12,4,6,2026-04-17 15:55:30
12,4,6,2026-04-17 15:55:31
12,4,6,2026-04-17 15:55:32
12,4,6,2026-04-17 15:55:33
12,4,6,2026-04-17 15:55:34
12,4,6,2026-04-17 15:55:35
12,4,6,2026-04-17 15:55:36
12,4,6,2026-04-17 15:55:37
12,4,6,2026-04-17 15:55:38
12,4,6,2026-04-17 15:55:39
12,4,6,2026-04-17 15:55:40
12,4,6,2026-04-17 15:55:41
12,4,6,2026-04-17 15:55:42
12,4,6,2026-04-17 15:55:43
12,4,6,2026-04-17 15:55:44
12,4,6,2026-04-17 15:55:45
12,4,6,2026-04-17 15:55:46
12,4,6,2026-04-17 15:55:47
12,4,6,2026-04-17 15:55:48
12,4,6,2026-04-17 15:55:49
12,4,6,2026-04-17 15:55:50
12,4,6,2026-04-17 15:55:51
12,4,6,2026-04-17 15:55:52
12,4,6,2026-04-17 15:55:53
12,4,6,2026-04-17 15:55:54
12,4,6,2026-04-17 15:55:55
12,4,6,2026-04-17 15:55:56
12,4,6,2026-04-17 15:55:57
12,4,6,2026-04-17 15:55:58
12,4,6,2026-04-17 15:55:59
12,4,6,2026-04-17 15:56:00
12,4,6,2026-04-17 15:56:01
12,4,6,2026-04-17 15:56:02
12,4,6,2026-04-17 15:56:03
12,4,6,2026-04-17 15:56:04
12,4,6,2026-04-17 15:56:05
12,4,6,2026-04-17 15:56:06
12,4,6,2026-04-17 15:56:07
12,4,6,2026-04-17 15:56:08
12,4,6,2026-04-17 15:56:09
12,4,6,2026-04-17 15:56:10
12,4,6,2026-04-17 15:56:11
12,4,6,2026-04-17 15:56:12
12,4,6,2026-04-17 15:56:13
12,4,6,2026-04-17 15:56:14
12,4,6,2026-04-17 15:56:15
12,4,6,2026-04-17 15:56:16
12,4,6,2026-04-17 15:56:17
12,4,6,2026-04-17 15:56:18
12,4,6,2026-04-17 15:56:19
12,4,6,2026-04-17 15:56:20
12,4,6,2026-04-17 15:56:21
12,4,6,2026-04-17 15:56:22
12,4,6,2026-04-17 15:56:23
12,4,6,2026-04-17 15:56:24
12,4,6,2026-04-17 15:56:25
12,4,6,2026-04-17 15:56:26
12,4,6,2026-04-17 15:56:27
12,4,6,2026-04-17 15:56:28
12,4,6,2026-04-17 15:56:29
12,4,6,2026-04-17 15:56:30
12,4,6,2026-04-17 15:56:31
12,4,6,2026-04-17 15:56:32
12,4,6,2026-04-17 15:56:33
12,4,6,2026-04-17 15:56:34
12,4,6,2026-04-17 15:56:35
12,4,6,2026-04-17 15:56:36
12,4,6,2026-04-17 15:56:37
12,4,6,2026-04-17 15:56:38
12,4,6,2026-04-17 15:56:39
12,0,10,2026-04-17 16:52:34
12,0,10,2026-04-17 16:52:35
12,0,10,2026-04-17 16:52:36
12,0,10,2026-04-17 16:52:37
12,0,10,2026-04-17 16:52:38
12,0,10,2026-04-17 16:52:39
12,0,10,2026-04-17 16:52:41
12,0,10,2026-04-17 16:52:42
12,0,10,2026-04-17 16:52:43
12,0,10,2026-04-17 16:52:44
12,0,10,2026-04-17 16:52:45
12,0,10,2026-04-17 16:52:46
12,0,10,2026-04-17 16:52:47
12,0,10,2026-04-17 16:52:48
12,0,10,2026-04-17 16:52:49
12,0,10,2026-04-17 16:53:54
12,0,10,2026-04-17 16:53:55
12,0,10,2026-04-17 16:53:56
12,0,10,2026-04-17 16:53:57
12,0,10,2026-04-17 16:53:58
12,0,10,2026-04-17 16:53:59
12,0,10,2026-04-17 16:54:01
12,0,10,2026-04-17 16:54:02
12,0,10,2026-04-17 16:54:03
12,0,10,2026-04-17 16:54:04
12,0,10,2026-04-17 16:54:05
12,0,10,2026-04-17 16:54:06
12,0,10,2026-04-17 16:54:07
12,0,10,2026-04-17 16:54:08
12,1,9,2026-04-17 16:54:09
12,1,9,2026-04-17 16:54:10
12,1,9,2026-04-17 16:54:11
12,1,9,2026-04-17 16:54:12
12,1,9,2026-04-17 16:54:13
12,1,9,2026-04-17 16:54:14
12,1,9,2026-04-17 16:54:15
12,1,9,2026-04-17 16:54:16
12,1,9,2026-04-17 16:54:17
12,1,9,2026-04-17 16:54:18
12,1,9,2026-04-17 16:54:19
12,1,9,2026-04-17 16:54:20
12,1,9,2026-04-17 16:54:21
12,1,9,2026-04-17 16:54:22
12,1,9,2026-04-17 16:54:23
12,1,9,2026-04-17 16:54:24
12,1,9,2026-04-17 16:54:25
12,1,9,2026-04-17 16:54:26
12,1,9,2026-04-17 16:54:27
12,1,9,2026-04-17 16:54:28
12,1,9,2026-04-17 16:54:29
12,2,8,2026-04-17 16:54:30
12,2,8,2026-04-17 16:54:31
12,2,8,2026-04-17 16:54:32
12,2,8,2026-04-17 16:54:33
12,2,8,2026-04-17 16:54:34
12,2,8,2026-04-17 16:54:35
12,2,8,2026-04-17 16:54:36
12,2,8,2026-04-17 16:54:37
12,2,8,2026-04-17 16:54:38
12,2,8,2026-04-17 16:54:39
12,2,8,2026-04-17 16:54:40
12,2,8,2026-04-17 16:54:41
12,2,8,2026-04-17 16:54:42
12,2,8,2026-04-17 16:54:43
12,2,8,2026-04-17 16:54:44
12,1,9,2026-04-17 16:54:45
12,1,9,2026-04-17 16:54:46
12,1,9,2026-04-17 16:54:47
12,2,8,2026-04-17 16:54:48
12,2,8,2026-04-17 16:54:49
12,2,8,2026-04-17 16:54:50
12,2,8,2026-04-17 16:54:51
12,1,9,2026-04-17 16:54:52
12,1,9,2026-04-17 16:54:53
12,1,9,2026-04-17 16:54:54
12,1,9,2026-04-17 16:54:55
12,1,9,2026-04-17 16:54:56
12,1,9,2026-04-17 16:54:57
12,1,9,2026-04-17 16:54:58
12,1,9,2026-04-17 16:54:59
12,1,9,2026-04-17 16:55:00
12,1,9,2026-04-17 16:55:01
12,1,9,2026-04-17 16:55:02
12,1,9,2026-04-17 16:55:03
12,1,9,2026-04-17 16:55:04
12,1,9,2026-04-17 16:55:05
12,1,9,2026-04-17 16:55:06
12,1,9,2026-04-17 16:55:07
12,1,9,2026-04-17 16:55:08
12,1,9,2026-04-17 16:55:09
12,1,9,2026-04-17 16:55:10
12,1,9,2026-04-17 16:55:11
12,1,9,2026-04-17 16:55:12
12,1,9,2026-04-17 16:55:13
12,1,9,2026-04-17 16:55:14
12,1,9,2026-04-17 16:55:15
12,1,9,2026-04-17 16:55:16
12,1,9,2026-04-17 16:55:17
12,1,9,2026-04-17 16:55:18
12,1,9,2026-04-17 16:55:19
12,1,9,2026-04-17 16:55:20
12,1,9,2026-04-17 16:55:21
12,1,9,2026-04-17 16:55:22
12,1,9,2026-04-17 16:55:23
12,1,9,2026-04-17 16:55:24
12,1,9,2026-04-17 16:55:25
12,1,9,2026-04-17 16:55:26
12,1,9,2026-04-17 16:55:27
12,1,9,2026-04-17 16:55:28
12,1,9,2026-04-17 16:55:29
12,1,9,2026-04-17 16:55:30
12,1,9,2026-04-17 16:55:31
12,1,9,2026-04-17 16:55:32
12,1,9,2026-04-17 16:55:33
12,1,9,2026-04-17 16:55:34
12,1,9,2026-04-17 16:55:35
12,1,9,2026-04-17 16:55:36
12,1,9,2026-04-17 16:55:37
12,1,9,2026-04-17 16:55:38
12,1,9,2026-04-17 16:55:39
12,1,9,2026-04-17 16:55:40
12,1,9,2026-04-17 16:55:41
12,1,9,2026-04-17 16:55:42
12,1,9,2026-04-17 16:55:43
12,1,9,2026-04-17 16:55:44
12,1,9,2026-04-17 16:55:45
12,1,9,2026-04-17 16:55:46
12,1,9,2026-04-17 16:55:47
12,1,9,2026-04-17 16:55:48
12,1,9,2026-04-17 16:55:49
12,1,9,2026-04-17 16:55:50
12,1,9,2026-04-17 16:55:51
12,1,9,2026-04-17 16:55:52
12,1,9,2026-04-17 16:55:53
12,1,9,2026-04-17 16:55:54
12,1,9,2026-04-17 16:55:55
12,1,9,2026-04-17 16:55:56
12,1,9,2026-04-17 16:55:57
12,1,9,2026-04-17 16:55:58
12,1,9,2026-04-17 16:55:59
12,1,9,2026-04-17 16:56:00
12,1,9,2026-04-17 16:56:01
12,1,9,2026-04-17 16:56:02
12,1,9,2026-04-17 16:56:03
12,1,9,2026-04-17 16:56:04
12,1,9,2026-04-17 16:56:05
12,1,9,2026-04-17 16:56:06
12,1,9,2026-04-17 16:56:07
12,1,9,2026-04-17 16:56:08
12,1,9,2026-04-17 16:56:09
12,1,9,2026-04-17 16:56:10
12,1,9,2026-04-17 16:56:11
12,1,9,2026-04-17 16:56:12
12,1,9,2026-04-17 16:56:13
12,1,9,2026-04-17 16:56:14
12,1,9,2026-04-17 16:56:15
12,1,9,2026-04-17 16:56:16
12,1,9,2026-04-17 16:56:17
12,1,9,2026-04-17 16:56:18
12,1,9,2026-04-17 16:56:19
12,1,9,2026-04-17 16:56:20
12,1,9,2026-04-17 16:56:21
12,1,9,2026-04-17 16:56:22
12,1,9,2026-04-17 16:56:23
12,1,9,2026-04-17 16:56:24
12,1,9,2026-04-17 16:56:25
12,1,9,2026-04-17 16:56:27
12,1,9,2026-04-17 16:56:28
12,1,9,2026-04-17 16:56:29
12,1,9,2026-04-17 16:56:30
12,1,9,2026-04-17 16:56:31
12,2,8,2026-04-17 16:56:32
12,2,8,2026-04-17 16:56:33
12,2,8,2026-04-17 16:56:34
12,2,8,2026-04-17 16:56:35
12,2,8,2026-04-17 16:56:36
12,2,8,2026-04-17 16:56:37
12,2,8,2026-04-17 16:56:38
12,2,8,2026-04-17 16:56:39
12,2,8,2026-04-17 16:56:40
12,2,8,2026-04-17 16:56:41
12,2,8,2026-04-17 16:56:42
12,2,8,2026-04-17 16:56:43
12,2,8,2026-04-17 16:56:44
12,2,8,2026-04-17 16:56:45
12,2,8,2026-04-17 16:56:46
12,2,8,2026-04-17 16:56:47
12,2,8,2026-04-17 16:56:48
12,2,8,2026-04-17 16:56:49
12,0,10,2026-04-17 17:16:59
12,0,10,2026-04-17 17:17:00
12,0,10,2026-04-17 17:17:01
12,0,10,2026-04-17 17:17:02
12,0,10,2026-04-17 17:17:03
12,0,10,2026-04-17 17:17:04
12,0,10,2026-04-17 17:17:05
12,0,10,2026-04-17 17:17:06
12,0,10,2026-04-17 17:17:09
12,0,10,2026-04-17 17:17:10
12,0,10,2026-04-17 17:17:11
12,0,10,2026-04-17 17:17:12
12,0,10,2026-04-17 17:17:13
12,1,9,2026-04-17 17:17:14
12,1,9,2026-04-17 17:17:15
12,1,9,2026-04-17 17:17:16
12,1,9,2026-04-17 17:17:17
12,1,9,2026-04-17 17:17:18
12,1,9,2026-04-17 17:17:19
12,1,9,2026-04-17 17:17:20
12,1,9,2026-04-17 17:17:21
12,1,9,2026-04-17 17:17:22
12,1,9,2026-04-17 17:17:23
12,1,9,2026-04-17 17:17:24
12,1,9,2026-04-17 17:17:25
12,1,9,2026-04-17 17:17:26
12,1,9,2026-04-17 17:17:27
12,1,9,2026-04-17 17:17:28
12,1,9,2026-04-17 17:17:29
12,1,9,2026-04-17 17:17:30
12,1,9,2026-04-17 17:17:31
12,1,9,2026-04-17 17:17:32
12,1,9,2026-04-17 17:17:33
12,1,9,2026-04-17 17:17:34
12,1,9,2026-04-17 17:17:35
12,1,9,2026-04-17 17:17:36
12,2,8,2026-04-17 17:17:37
12,2,8,2026-04-17 17:17:38
12,2,8,2026-04-17 17:17:39
12,2,8,2026-04-17 17:17:40
12,2,8,2026-04-17 17:17:41
12,2,8,2026-04-17 17:17:42
12,2,8,2026-04-17 17:17:43
12,2,8,2026-04-17 17:17:44
12,2,8,2026-04-17 17:17:45
12,2,8,2026-04-17 17:17:46
12,2,8,2026-04-17 17:17:47
12,2,8,2026-04-17 17:17:48
12,2,8,2026-04-17 17:17:49
12,2,8,2026-04-17 17:17:50
12,2,8,2026-04-17 17:17:51
12,2,8,2026-04-17 17:17:52
12,2,8,2026-04-17 17:17:53
12,2,8,2026-04-17 17:17:54
12,2,8,2026-04-17 17:17:55
12,2,8,2026-04-17 17:17:56
12,2,8,2026-04-17 17:17:57
12,0,10,2026-04-17 17:26:47
12,0,10,2026-04-17 17:26:48
12,0,10,2026-04-17 17:26:49
12,0,10,2026-04-17 17:26:50
12,0,10,2026-04-17 17:26:53
12,0,10,2026-04-17 17:26:54
12,0,10,2026-04-17 17:26:55
12,0,10,2026-04-17 17:26:56
12,0,10,2026-04-17 17:26:57
12,0,10,2026-04-17 17:26:58
12,1,9,2026-04-17 17:26:59
12,1,9,2026-04-17 17:27:00
12,1,9,2026-04-17 17:27:01
12,1,9,2026-04-17 17:27:02
12,1,9,2026-04-17 17:27:03
12,1,9,2026-04-17 17:27:04
12,1,9,2026-04-17 17:27:05
12,1,9,2026-04-17 17:27:06
12,1,9,2026-04-17 17:27:07
12,1,9,2026-04-17 17:27:08
12,1,9,2026-04-17 17:27:09
12,1,9,2026-04-17 17:27:10
12,1,9,2026-04-17 17:27:11
12,1,9,2026-04-17 17:27:12
12,1,9,2026-04-17 17:27:13
12,1,9,2026-04-17 17:27:14
12,10,0,2026-04-17 17:35:05
12,10,0,2026-04-17 17:35:06
12,10,0,2026-04-17 17:35:07
12,10,0,2026-04-17 17:35:08
12,10,0,2026-04-17 17:35:09
12,0,10,2026-04-17 17:35:35
12,0,10,2026-04-17 17:35:36
12,0,10,2026-04-17 17:35:37
12,0,10,2026-04-17 17:35:38
12,0,10,2026-04-17 17:35:41
12,0,10,2026-04-17 17:35:42
12,0,10,2026-04-17 17:35:43
12,0,10,2026-04-17 17:35:44
12,0,10,2026-04-17 17:35:45
12,0,10,2026-04-17 17:35:46
12,0,10,2026-04-17 17:35:47
12,0,10,2026-04-17 17:35:48
12,0,10,2026-04-17 17:35:49
12,0,10,2026-04-17 17:35:50
12,1,9,2026-04-17 17:35:51
12,1,9,2026-04-17 17:35:52
12,1,9,2026-04-17 17:35:53
12,1,9,2026-04-17 17:35:54
12,1,9,2026-04-17 17:35:55
12,1,9,2026-04-17 17:35:56
12,1,9,2026-04-17 17:35:57
12,1,9,2026-04-17 17:35:58
12,1,9,2026-04-17 17:35:59
12,1,9,2026-04-17 17:36:00
12,1,9,2026-04-17 17:36:01
12,1,9,2026-04-17 17:36:02
12,1,9,2026-04-17 17:36:03
12,1,9,2026-04-17 17:36:04
12,1,9,2026-04-17 17:36:05
12,1,9,2026-04-17 17:36:06
12,1,9,2026-04-17 17:36:07
12,1,9,2026-04-17 17:36:08
12,1,9,2026-04-17 17:36:09
12,1,9,2026-04-17 17:36:10
12,1,9,2026-04-17 17:36:11
12,0,10,2026-04-17 17:36:18
12,0,10,2026-04-17 17:36:19
12,0,10,2026-04-17 17:36:20
12,0,10,2026-04-17 17:36:22
12,0,10,2026-04-17 17:36:22
12,0,10,2026-04-17 17:36:23
12,0,10,2026-04-17 17:36:24
12,0,10,2026-04-17 17:36:25
12,0,10,2026-04-17 17:36:26
12,0,10,2026-04-17 17:36:27
12,1,9,2026-04-17 17:36:28
12,1,9,2026-04-17 17:36:29
12,1,9,2026-04-17 17:36:30
12,1,9,2026-04-17 17:36:31
12,1,9,2026-04-17 17:36:32
12,1,9,2026-04-17 17:36:33
12,1,9,2026-04-17 17:36:34
12,1,9,2026-04-17 17:36:35
12,1,9,2026-04-17 17:36:36
12,1,9,2026-04-17 17:36:37
12,1,9,2026-04-17 17:36:38
12,0,10,2026-04-17 17:36:39
12,0,10,2026-04-17 17:36:40
12,0,10,2026-04-17 17:36:41
12,0,10,2026-04-17 17:36:42
12,0,10,2026-04-17 17:36:43
12,0,10,2026-04-17 17:36:44
12,0,10,2026-04-17 17:36:45
12,0,10,2026-04-17 17:36:46
12,0,10,2026-04-17 17:36:47
12,0,10,2026-04-17 17:36:48
12,0,10,2026-04-17 17:36:49
12,0,10,2026-04-17 17:36:50
12,0,10,2026-04-17 17:36:51
12,0,10,2026-04-17 17:36:52
12,0,10,2026-04-17 17:36:53
12,0,10,2026-04-17 17:36:54
12,0,10,2026-04-17 17:36:55
12,0,10,2026-04-17 17:42:43
12,0,10,2026-04-17 17:42:44
12,0,10,2026-04-17 17:42:45
12,0,10,2026-04-17 17:42:46
12,0,10,2026-04-17 17:42:48
12,0,10,2026-04-17 17:42:49
12,0,10,2026-04-17 17:42:50
12,0,10,2026-04-17 17:42:51
12,0,10,2026-04-17 17:42:52
12,0,10,2026-04-17 17:42:53
12,0,10,2026-04-17 17:42:54
12,1,9,2026-04-17 17:42:55
12,1,9,2026-04-17 17:42:56
12,1,9,2026-04-17 17:42:57
12,1,9,2026-04-17 17:42:58
12,1,9,2026-04-17 17:42:59
12,1,9,2026-04-17 17:43:00
12,1,9,2026-04-17 17:43:01
12,1,9,2026-04-17 17:43:02
12,1,9,2026-04-17 17:43:03
12,1,9,2026-04-17 17:43:04
12,1,9,2026-04-17 17:43:05
12,1,9,2026-04-17 17:43:06
12,1,9,2026-04-17 17:43:07
12,1,9,2026-04-17 17:43:09
12,1,9,2026-04-17 17:43:10
12,1,9,2026-04-17 17:43:11
12,1,9,2026-04-17 17:43:12
12,1,9,2026-04-17 17:43:13
12,1,9,2026-04-17 17:43:14
12,1,9,2026-04-17 17:43:15
12,1,9,2026-04-17 17:43:16
12,0,10,2026-04-17 17:53:50
12,0,10,2026-04-17 17:53:51
12,0,10,2026-04-17 17:53:52
12,0,10,2026-04-17 17:53:53
12,0,10,2026-04-17 17:53:54
12,0,10,2026-04-17 17:53:55
12,0,10,2026-04-17 17:53:58
12,0,10,2026-04-17 17:53:59
12,0,10,2026-04-17 17:54:00
12,0,10,2026-04-17 17:54:01
12,0,10,2026-04-17 17:54:02
12,0,10,2026-04-17 17:54:03
12,0,10,2026-04-17 17:54:04
12,0,10,2026-04-17 17:54:05
12,1,9,2026-04-17 17:54:06
12,1,9,2026-04-17 17:54:07
12,1,9,2026-04-17 17:54:08
12,1,9,2026-04-17 17:54:09
12,1,9,2026-04-17 17:54:10
12,1,9,2026-04-17 17:54:11
12,1,9,2026-04-17 17:54:12
12,1,9,2026-04-17 17:54:13
12,1,9,2026-04-17 17:54:14
12,1,9,2026-04-17 17:54:15
12,1,9,2026-04-17 17:54:16
12,1,9,2026-04-17 17:54:17
12,1,9,2026-04-17 17:54:18
12,1,9,2026-04-17 17:54:19
12,1,9,2026-04-17 17:54:20
12,1,9,2026-04-17 17:54:21
12,1,9,2026-04-17 17:54:22
12,1,9,2026-04-17 17:54:23
12,1,9,2026-04-17 17:54:24
12,0,10,2026-04-17 18:08:13
12,0,10,2026-04-17 18:08:14
12,0,10,2026-04-17 18:08:15
12,0,10,2026-04-17 18:08:16
12,0,10,2026-04-17 18:08:17
12,0,10,2026-04-17 18:08:20
12,0,10,2026-04-17 18:08:21
12,0,10,2026-04-17 18:08:22
12,0,10,2026-04-17 18:08:23
12,0,10,2026-04-17 18:08:24
12,0,10,2026-04-17 18:08:25
12,1,9,2026-04-17 18:08:26
12,1,9,2026-04-17 18:08:27
12,1,9,2026-04-17 18:08:28
12,1,9,2026-04-17 18:08:29
12,1,9,2026-04-17 18:08:30
12,1,9,2026-04-17 18:08:31
12,1,9,2026-04-17 18:08:32
12,1,9,2026-04-17 18:08:33
12,1,9,2026-04-17 18:08:34
12,1,9,2026-04-17 18:08:35
12,1,9,2026-04-17 18:08:36
12,1,9,2026-04-17 18:08:37
12,1,9,2026-04-17 18:08:38
12,1,9,2026-04-17 18:08:39
12,1,9,2026-04-17 18:08:40
12,1,9,2026-04-17 18:08:41
12,1,9,2026-04-17 18:08:42
12,1,9,2026-04-17 18:08:43
12,1,9,2026-04-17 18:08:44
12,1,9,2026-04-17 18:08:45
12,1,9,2026-04-17 18:08:46
12,1,9,2026-04-17 18:08:47
12,1,9,2026-04-17 18:08:48
12,0,10,2026-04-17 18:14:13
12,0,10,2026-04-17 18:14:14
12,0,10,2026-04-17 18:14:15
12,0,10,2026-04-17 18:14:16
12,0,10,2026-04-17 18:14:18
12,0,10,2026-04-17 18:14:19
12,0,10,2026-04-17 18:14:20
12,0,10,2026-04-17 18:14:21
12,0,10,2026-04-17 18:14:22
12,0,10,2026-04-17 18:14:23
12,1,9,2026-04-17 18:14:24
12,1,9,2026-04-17 18:14:25
12,1,9,2026-04-17 18:14:26
12,1,9,2026-04-17 18:14:27
12,1,9,2026-04-17 18:14:28
12,1,9,2026-04-17 18:14:29
12,1,9,2026-04-17 18:14:30
12,1,9,2026-04-17 18:14:31
12,1,9,2026-04-17 18:14:32
12,1,9,2026-04-17 18:14:33
12,1,9,2026-04-17 18:14:34
12,1,9,2026-04-17 18:14:35
12,1,9,2026-04-17 18:14:36
12,1,9,2026-04-17 18:14:37
12,1,9,2026-04-17 18:14:39
12,1,9,2026-04-17 18:14:40
12,1,9,2026-04-17 18:14:41
12,1,9,2026-04-17 18:14:42
12,1,9,2026-04-17 18:14:43
12,1,9,2026-04-17 18:14:44
12,1,9,2026-04-17 18:14:45
12,1,9,2026-04-17 18:14:46
12,1,9,2026-04-17 18:14:47
12,1,9,2026-04-17 18:14:48
12,2,8,2026-04-17 18:14:49
12,2,8,2026-04-17 18:14:50
12,2,8,2026-04-17 18:14:51
12,2,8,2026-04-17 18:14:52
12,2,8,2026-04-17 18:14:53
12,2,8,2026-04-17 18:14:54
12,2,8,2026-04-17 18:14:55
12,2,8,2026-04-17 18:14:56
12,2,8,2026-04-17 18:14:57
12,2,8,2026-04-17 18:14:58
12,2,8,2026-04-17 18:14:59
12,2,8,2026-04-17 18:15:00
12,2,8,2026-04-17 18:15:01
12,2,8,2026-04-17 18:15:02
12,2,8,2026-04-17 18:15:03
12,1,9,2026-04-17 18:15:04
12,1,9,2026-04-17 18:15:05
12,1,9,2026-04-17 18:15:06
12,1,9,2026-04-17 18:15:07
12,1,9,2026-04-17 18:15:08
12,1,9,2026-04-17 18:15:09
12,2,8,2026-04-17 18:15:10
12,1,9,2026-04-17 18:15:11
12,1,9,2026-04-17 18:15:12
12,1,9,2026-04-17 18:15:13
12,1,9,2026-04-17 18:15:14
12,1,9,2026-04-17 18:15:15
12,1,9,2026-04-17 18:15:16
12,1,9,2026-04-17 18:15:17
12,1,9,2026-04-17 18:15:18
12,1,9,2026-04-17 18:15:19
12,1,9,2026-04-17 18:15:20
12,1,9,2026-04-17 18:15:21
12,1,9,2026-04-17 18:15:22
12,1,9,2026-04-17 18:15:23
12,1,9,2026-04-17 18:15:24
12,1,9,2026-04-17 18:15:25
12,1,9,2026-04-17 18:15:26
12,0,10,2026-04-17 18:36:39
12,0,10,2026-04-17 18:36:40
12,0,10,2026-04-17 18:36:41
12,0,10,2026-04-17 18:36:42
12,0,10,2026-04-17 18:36:43
12,0,10,2026-04-17 18:36:44
12,0,10,2026-04-17 18:36:47
12,0,10,2026-04-17 18:36:48
12,0,10,2026-04-17 18:36:49
12,1,9,2026-04-17 18:36:50
12,1,9,2026-04-17 18:36:51
12,1,9,2026-04-17 18:36:52
12,1,9,2026-04-17 18:36:53
12,1,9,2026-04-17 18:36:54
12,1,9,2026-04-17 18:36:55
12,1,9,2026-04-17 18:36:56
12,1,9,2026-04-17 18:36:57
12,1,9,2026-04-17 18:36:58
12,1,9,2026-04-17 18:36:59
12,1,9,2026-04-17 18:37:00
12,1,9,2026-04-17 18:37:01
12,1,9,2026-04-17 18:37:02
12,1,9,2026-04-17 18:37:03
12,1,9,2026-04-17 18:37:04
12,2,8,2026-04-17 18:37:06
12,2,8,2026-04-17 18:37:07
12,2,8,2026-04-17 18:37:08
12,2,8,2026-04-17 18:37:09
12,2,8,2026-04-17 18:37:10
12,2,8,2026-04-17 18:37:11
12,2,8,2026-04-17 18:37:12
12,2,8,2026-04-17 18:37:13
12,2,8,2026-04-17 18:37:14
12,2,8,2026-04-17 18:37:15
12,2,8,2026-04-17 18:37:16
12,2,8,2026-04-17 18:37:17
12,2,8,2026-04-17 18:37:18
12,2,8,2026-04-17 18:37:19
12,2,8,2026-04-17 18:37:20
12,2,8,2026-04-17 18:37:21
12,2,8,2026-04-17 18:37:22
12,2,8,2026-04-17 18:37:23
12,2,8,2026-04-17 18:37:24
12,2,8,2026-04-17 18:37:25
12,2,8,2026-04-17 18:37:26
12,2,8,2026-04-17 18:37:27
12,2,8,2026-04-17 18:37:28
12,2,8,2026-04-17 18:37:29
12,2,8,2026-04-17 18:37:30
12,2,8,2026-04-17 18:37:31
12,2,8,2026-04-17 18:37:32
12,2,8,2026-04-17 18:37:33
12,2,8,2026-04-17 18:37:34
12,2,8,2026-04-17 18:37:35
12,2,8,2026-04-17 18:37:36
12,2,8,2026-04-17 18:37:37
12,2,8,2026-04-17 18:37:38
12,2,8,2026-04-17 18:37:39
12,2,8,2026-04-17 18:37:40
12,2,8,2026-04-17 18:37:41
12,2,8,2026-04-17 18:37:42
12,2,8,2026-04-17 18:37:43
12,2,8,2026-04-17 18:37:44
12,2,8,2026-04-17 18:37:45
12,2,8,2026-04-17 18:37:46
12,2,8,2026-04-17 18:37:47
12,2,8,2026-04-17 18:37:48
12,2,8,2026-04-17 18:37:49
12,2,8,2026-04-17 18:37:50
12,2,8,2026-04-17 18:37:51
12,2,8,2026-04-17 18:37:52
12,2,8,2026-04-17 18:37:53
12,2,8,2026-04-17 18:37:54
12,2,8,2026-04-17 18:37:55
12,2,8,2026-04-17 18:37:56
12,2,8,2026-04-17 18:37:57
12,2,8,2026-04-17 18:37:58
12,2,8,2026-04-17 18:37:59
12,2,8,2026-04-17 18:38:00
12,0,10,2026-04-17 18:50:01
12,0,10,2026-04-17 18:50:02
12,0,10,2026-04-17 18:50:03
12,0,10,2026-04-17 18:50:04
12,0,10,2026-04-17 18:50:05
12,0,10,2026-04-17 18:50:07
12,0,10,2026-04-17 18:50:07
12,0,10,2026-04-17 18:50:08
12,0,10,2026-04-17 18:50:09
12,0,10,2026-04-17 18:50:10
12,1,9,2026-04-17 18:50:11
12,1,9,2026-04-17 18:50:12
12,1,9,2026-04-17 18:50:13
12,1,9,2026-04-17 18:50:14
12,1,9,2026-04-17 18:50:15
12,1,9,2026-04-17 18:50:16
12,1,9,2026-04-17 18:50:17
12,1,9,2026-04-17 18:50:18
12,1,9,2026-04-17 18:50:19
12,1,9,2026-04-17 18:50:20
12,1,9,2026-04-17 18:50:21
12,1,9,2026-04-17 18:50:22
12,1,9,2026-04-17 18:50:23
12,1,9,2026-04-17 18:50:24
12,1,9,2026-04-17 18:50:25
12,1,9,2026-04-17 18:50:26
12,1,9,2026-04-17 18:50:27
12,1,9,2026-04-17 18:50:28
12,1,9,2026-04-17 18:50:29
12,1,9,2026-04-17 18:50:30
12,1,9,2026-04-17 18:50:31
12,2,8,2026-04-17 18:50:32
12,2,8,2026-04-17 18:50:33
12,2,8,2026-04-17 18:50:34
12,2,8,2026-04-17 18:50:35
12,2,8,2026-04-17 18:50:36
12,2,8,2026-04-17 18:50:37
12,2,8,2026-04-17 18:50:38
12,2,8,2026-04-17 18:50:39
12,2,8,2026-04-17 18:50:40
12,2,8,2026-04-17 18:50:41
12,2,8,2026-04-17 18:50:42
12,2,8,2026-04-17 18:50:43
12,2,8,2026-04-17 18:50:44
12,2,8,2026-04-17 18:50:45
12,2,8,2026-04-17 18:50:46
12,2,8,2026-04-17 18:50:47
12,2,8,2026-04-17 18:50:48
12,2,8,2026-04-17 18:50:49
12,2,8,2026-04-17 18:50:50
12,2,8,2026-04-17 18:50:51
12,2,8,2026-04-17 18:50:52
12,2,8,2026-04-17 18:50:53
12,2,8,2026-04-17 18:50:54
12,2,8,2026-04-17 18:50:55
12,2,8,2026-04-17 18:50:56
12,2,8,2026-04-17 18:50:57
12,2,8,2026-04-17 18:50:58
12,2,8,2026-04-17 18:50:59
12,2,8,2026-04-17 18:51:00
12,2,8,2026-04-17 18:51:01
12,2,8,2026-04-17 18:51:02
12,2,8,2026-04-17 18:51:03
12,2,8,2026-04-17 18:51:04
12,2,8,2026-04-17 18:51:05
12,2,8,2026-04-17 18:51:06
12,2,8,2026-04-17 18:51:07
12,2,8,2026-04-17 18:51:08
12,0,10,2026-04-17 19:08:40
12,0,10,2026-04-17 19:08:41
12,0,10,2026-04-17 19:08:42
12,0,10,2026-04-17 19:08:43
12,0,10,2026-04-17 19:08:44
12,0,10,2026-04-17 19:08:45
12,0,10,2026-04-17 19:08:46
12,0,10,2026-04-17 19:08:47
12,0,10,2026-04-17 19:08:48
12,0,10,2026-04-17 19:08:49
12,0,10,2026-04-17 19:08:50
12,0,10,2026-04-17 19:08:51
12,0,10,2026-04-17 19:08:52
12,0,10,2026-04-17 19:08:53
12,0,10,2026-04-17 19:08:54
12,0,10,2026-04-17 19:08:55
12,0,10,2026-04-17 19:08:56
12,0,10,2026-04-17 19:08:57
12,0,10,2026-04-17 19:08:58
12,0,10,2026-04-17 19:09:01
12,0,10,2026-04-17 19:09:02
12,0,10,2026-04-17 19:09:03
12,0,10,2026-04-17 19:09:04
12,0,10,2026-04-17 19:09:05
12,0,10,2026-04-17 19:09:06
12,0,10,2026-04-17 19:09:07
12,1,9,2026-04-17 19:09:08
12,1,9,2026-04-17 19:09:09
12,1,9,2026-04-17 19:09:10
12,1,9,2026-04-17 19:09:11
12,1,9,2026-04-17 19:09:12
12,1,9,2026-04-17 19:09:13
12,1,9,2026-04-17 19:09:14
12,1,9,2026-04-17 19:09:15
12,1,9,2026-04-17 19:09:16
12,1,9,2026-04-17 19:09:17
12,1,9,2026-04-17 19:09:18
12,1,9,2026-04-17 19:09:19
12,1,9,2026-04-17 19:09:20
12,1,9,2026-04-17 19:09:21
12,1,9,2026-04-17 19:09:22
12,1,9,2026-04-17 19:09:23
12,1,9,2026-04-17 19:09:24
12,2,8,2026-04-17 19:09:25
12,2,8,2026-04-17 19:09:26
12,2,8,2026-04-17 19:09:27
12,2,8,2026-04-17 19:09:28
12,2,8,2026-04-17 19:09:29
12,2,8,2026-04-17 19:09:30
12,2,8,2026-04-17 19:09:31
12,2,8,2026-04-17 19:09:32
12,2,8,2026-04-17 19:09:33
12,2,8,2026-04-17 19:09:34
12,2,8,2026-04-17 19:09:35
12,2,8,2026-04-17 19:09:36
12,2,8,2026-04-17 19:09:37
12,2,8,2026-04-17 19:09:38
12,2,8,2026-04-17 19:09:39
12,2,8,2026-04-17 19:09:40
12,2,8,2026-04-17 19:09:41
12,2,8,2026-04-17 19:09:42
12,2,8,2026-04-17 19:09:43
12,2,8,2026-04-17 19:09:44
12,2,8,2026-04-17 19:09:45
12,2,8,2026-04-17 19:09:46
12,2,8,2026-04-17 19:09:47
12,2,8,2026-04-17 19:09:48
12,2,8,2026-04-17 19:09:49
12,2,8,2026-04-17 19:09:50
12,2,8,2026-04-17 19:09:51
12,2,8,2026-04-17 19:09:52
12,2,8,2026-04-17 19:09:53
12,2,8,2026-04-17 19:09:54
12,2,8,2026-04-17 19:09:55
12,2,8,2026-04-17 19:09:56
12,2,8,2026-04-17 19:09:57
12,2,8,2026-04-17 19:09:58
12,2,8,2026-04-17 19:09:59
12,2,8,2026-04-17 19:10:00
12,2,8,2026-04-17 19:10:01
12,2,8,2026-04-17 19:10:02
12,2,8,2026-04-17 19:10:03
12,2,8,2026-04-17 19:10:04
12,2,8,2026-04-17 19:10:05
12,2,8,2026-04-17 19:10:06
12,2,8,2026-04-17 19:10:07
12,2,8,2026-04-17 19:10:08
12,2,8,2026-04-17 19:10:09
12,2,8,2026-04-17 19:10:10
12,2,8,2026-04-17 19:10:11
12,2,8,2026-04-17 19:10:12
12,2,8,2026-04-17 19:10:13
12,1,9,2026-04-17 19:10:14
12,1,9,2026-04-17 19:10:15
12,1,9,2026-04-17 19:10:16
12,1,9,2026-04-17 19:10:17
12,1,9,2026-04-17 19:10:18
12,2,8,2026-04-17 19:10:19
12,2,8,2026-04-17 19:10:20
12,1,9,2026-04-17 19:10:21
12,1,9,2026-04-17 19:10:22
12,1,9,2026-04-17 19:10:23
12,1,9,2026-04-17 19:10:24
12,1,9,2026-04-17 19:10:25
12,1,9,2026-04-17 19:10:26
12,1,9,2026-04-17 19:10:27
12,1,9,2026-04-17 19:10:28
12,1,9,2026-04-17 19:10:29
12,1,9,2026-04-17 19:10:30
12,1,9,2026-04-17 19:10:31
12,1,9,2026-04-17 19:10:32
12,1,9,2026-04-17 19:10:33
12,1,9,2026-04-17 19:10:34
12,1,9,2026-04-17 19:10:35
12,1,9,2026-04-17 19:10:36
12,1,9,2026-04-17 19:10:37
12,1,9,2026-04-17 19:10:38
12,1,9,2026-04-17 19:10:39
12,1,9,2026-04-17 19:10:40
12,1,9,2026-04-17 19:10:41
12,1,9,2026-04-17 19:10:42
12,1,9,2026-04-17 19:10:43
12,1,9,2026-04-17 19:10:44
12,1,9,2026-04-17 19:10:45
12,1,9,2026-04-17 19:10:46
12,1,9,2026-04-17 19:10:47
12,1,9,2026-04-17 19:10:48
12,1,9,2026-04-17 19:10:49
12,1,9,2026-04-17 19:10:50
12,1,9,2026-04-17 19:10:51
12,1,9,2026-04-17 19:10:52
12,1,9,2026-04-17 19:10:53
12,1,9,2026-04-17 19:10:54
12,1,9,2026-04-17 19:10:55
12,1,9,2026-04-17 19:10:56
12,1,9,2026-04-17 19:10:57
12,1,9,2026-04-19 11:16:28
12,1,9,2026-04-19 11:16:29
12,1,9,2026-04-19 11:16:30
12,3,7,2026-04-19 11:16:31
12,3,7,2026-04-19 11:16:32
12,0,10,2026-04-19 11:16:35
12,0,10,2026-04-19 11:16:36
12,0,10,2026-04-19 11:16:37
12,0,10,2026-04-19 11:16:46
12,0,10,2026-04-19 11:16:47
12,0,10,2026-04-19 11:16:48
12,0,10,2026-04-19 11:16:49
12,0,10,2026-04-19 11:16:50
12,0,10,2026-04-19 11:16:51
12,0,10,2026-04-19 11:16:52
12,0,10,2026-04-19 11:16:53
12,0,10,2026-04-19 11:16:54
12,2,8,2026-04-19 11:17:15
12,1,9,2026-04-19 11:17:16
12,2,8,2026-04-19 11:17:16
12,1,9,2026-04-19 11:17:18
12,1,9,2026-04-19 11:17:24
12,1,9,2026-04-19 11:17:24
12,1,9,2026-04-19 11:17:25
12,1,9,2026-04-19 11:17:26
12,1,9,2026-04-19 11:17:27
12,0,10,2026-04-19 11:49:40
12,0,10,2026-04-19 11:49:41
12,0,10,2026-04-19 11:49:42
12,0,10,2026-04-19 11:49:44
12,0,10,2026-04-19 11:49:45
12,0,10,2026-04-19 11:49:45
12,0,10,2026-04-19 11:49:46
12,0,10,2026-04-19 11:49:47
12,0,10,2026-04-19 11:49:59
12,0,10,2026-04-19 11:49:59
12,0,10,2026-04-19 11:50:02
12,0,10,2026-04-19 11:50:05
12,0,10,2026-04-19 11:50:17
12,0,10,2026-04-19 11:50:18
12,0,10,2026-04-19 11:50:20
12,0,10,2026-04-19 11:50:21
12,0,10,2026-04-19 11:50:26
12,0,10,2026-04-19 11:50:35
12,0,10,2026-04-19 11:50:36
12,0,10,2026-04-19 11:54:09
12,0,10,2026-04-19 11:54:10
12,0,10,2026-04-19 11:54:11
12,0,10,2026-04-19 11:54:12
12,0,10,2026-04-19 11:54:13
12,0,10,2026-04-19 11:54:14
12,0,10,2026-04-19 11:54:15
12,0,10,2026-04-19 11:54:16
12,0,10,2026-04-19 11:54:22
12,0,10,2026-04-19 11:54:22
12,0,10,2026-04-19 11:54:23
12,0,10,2026-04-19 11:54:24
12,0,10,2026-04-19 11:54:25
12,1,9,2026-04-19 11:54:26
12,1,9,2026-04-19 11:54:32
12,1,9,2026-04-19 11:54:33
12,1,9,2026-04-19 11:54:35
12,1,9,2026-04-19 11:54:43
12,1,9,2026-04-19 11:54:45
12,1,9,2026-04-19 11:54:55
12,1,9,2026-04-19 11:54:58
12,1,9,2026-04-19 11:55:02
12,1,9,2026-04-19 11:55:03
12,1,9,2026-04-19 11:55:05
12,2,8,2026-04-19 11:55:10
12,2,8,2026-04-19 11:55:11
12,2,8,2026-04-19 11:55:16
12,2,8,2026-04-19 11:55:18
12,3,7,2026-04-19 11:55:23
12,1,9,2026-04-19 11:55:25
12,1,9,2026-04-19 11:55:28
12,2,8,2026-04-19 11:55:30
12,1,9,2026-04-19 11:55:31
12,1,9,2026-04-19 11:55:35
12,1,9,2026-04-19 11:55:42
12,1,9,2026-04-19 11:55:43
12,1,9,2026-04-19 11:55:44
12,1,9,2026-04-19 11:55:45
12,1,9,2026-04-19 11:55:59
12,1,9,2026-04-19 11:56:00
12,1,9,2026-04-19 11:56:01
12,0,10,2026-04-19 12:30:30
12,0,10,2026-04-19 12:30:31
12,0,10,2026-04-19 12:30:32
12,0,10,2026-04-19 12:30:33
12,0,10,2026-04-19 12:30:34
12,0,10,2026-04-19 12:30:36
12,0,10,2026-04-19 12:30:37
12,0,10,2026-04-19 12:30:39
12,0,10,2026-04-19 12:30:45
12,0,10,2026-04-19 12:30:49
12,0,10,2026-04-19 12:30:50
12,0,10,2026-04-19 12:30:51
12,0,10,2026-04-19 12:30:52
12,0,10,2026-04-19 12:30:54
12,0,10,2026-04-19 12:30:55
12,0,10,2026-04-19 12:30:56
12,0,10,2026-04-19 12:30:57
12,0,10,2026-04-19 12:30:58
12,0,10,2026-04-19 12:30:59
12,0,10,2026-04-19 12:31:00
12,0,10,2026-04-19 12:31:02
12,0,10,2026-04-19 12:31:04
12,0,10,2026-04-19 12:31:05
12,0,10,2026-04-19 12:31:07
12,0,10,2026-04-19 12:31:09
12,0,10,2026-04-19 12:31:10
12,0,10,2026-04-19 12:31:11
12,0,10,2026-04-19 12:31:12
12,0,10,2026-04-19 12:31:13
12,0,10,2026-04-19 12:31:14
12,0,10,2026-04-19 12:31:16
12,0,10,2026-04-19 12:31:17
12,0,10,2026-04-19 12:31:18
12,0,10,2026-04-19 12:31:19
12,0,10,2026-04-19 12:31:20
12,0,10,2026-04-19 12:31:21
12,0,10,2026-04-19 12:31:23
12,0,10,2026-04-19 12:31:24
12,0,10,2026-04-19 12:31:25
12,0,10,2026-04-19 12:31:26
12,0,10,2026-04-19 12:31:27
12,0,10,2026-04-19 12:31:29
12,0,10,2026-04-19 12:31:31
12,0,10,2026-04-19 12:31:34
12,0,10,2026-04-19 12:31:37
12,0,10,2026-04-19 12:31:38
12,0,10,2026-04-19 12:31:39
12,0,10,2026-04-19 12:31:41
12,0,10,2026-04-19 12:31:41
12,0,10,2026-04-19 12:31:42
12,0,10,2026-04-19 12:31:44
12,0,10,2026-04-19 12:31:46
12,0,10,2026-04-19 12:31:52
12,0,10,2026-04-19 12:34:01
12,0,10,2026-04-19 12:34:04
12,0,10,2026-04-19 12:34:05
12,0,10,2026-04-19 12:34:06
12,0,10,2026-04-19 12:34:07
12,0,10,2026-04-19 12:34:08
12,0,10,2026-04-19 12:34:09
12,0,10,2026-04-19 12:34:10
12,0,10,2026-04-19 12:34:11
12,0,10,2026-04-19 12:34:12
12,0,10,2026-04-19 12:34:17
12,0,10,2026-04-19 12:34:19
12,0,10,2026-04-19 12:34:20
12,0,10,2026-04-19 12:34:21
12,0,10,2026-04-19 12:34:27
12,0,10,2026-04-19 12:34:29
12,0,10,2026-04-19 12:34:31
12,0,10,2026-04-19 12:34:32
12,0,10,2026-04-19 12:34:33
12,0,10,2026-04-19 12:34:37
12,1,9,2026-04-19 12:34:53
12,1,9,2026-04-19 12:34:58
12,0,10,2026-04-19 12:34:59
12,0,10,2026-04-19 12:35:04
12,0,10,2026-04-19 12:35:07
12,0,10,2026-04-19 12:35:08
12,0,10,2026-04-19 12:35:09
12,0,10,2026-04-19 12:35:10
12,0,10,2026-04-19 12:35:11
12,0,10,2026-04-19 12:35:13
12,0,10,2026-04-19 12:35:16
12,2,8,2026-04-19 12:35:18
12,0,10,2026-04-19 12:35:19
12,0,10,2026-04-19 12:35:20
12,0,10,2026-04-19 12:35:21
12,0,10,2026-04-19 12:35:23
12,0,10,2026-04-19 12:35:31
12,0,10,2026-04-19 12:35:33
12,0,10,2026-04-19 12:35:34
12,0,10,2026-04-19 12:35:35
12,0,10,2026-04-19 12:35:36
12,0,10,2026-04-19 12:35:38
12,0,10,2026-04-19 12:35:41
12,0,10,2026-04-19 12:35:41
12,0,10,2026-04-19 12:35:45
12,0,10,2026-04-19 12:35:47
12,0,10,2026-04-19 12:35:49
12,0,10,2026-04-19 12:35:50
12,0,10,2026-04-19 12:35:52
12,0,10,2026-04-19 12:35:53
12,0,10,2026-04-19 12:35:55
12,1,9,2026-04-19 12:35:56
12,0,10,2026-04-19 12:35:58
12,0,10,2026-04-19 12:35:59
12,0,10,2026-04-19 12:36:01
12,0,10,2026-04-19 12:36:02
12,0,10,2026-04-19 12:36:04
12,0,10,2026-04-19 12:36:06
12,0,10,2026-04-19 12:36:07
12,0,10,2026-04-19 12:36:09
12,0,10,2026-04-19 12:36:10
12,0,10,2026-04-19 12:36:12
12,0,10,2026-04-19 12:36:13
12,0,10,2026-04-19 12:36:16
12,0,10,2026-04-19 12:36:17
12,0,10,2026-04-19 12:36:18
12,0,10,2026-04-19 12:36:20
12,0,10,2026-04-19 12:36:21
12,0,10,2026-04-19 12:36:22
12,0,10,2026-04-19 12:36:24
12,0,10,2026-04-19 12:36:25
12,0,10,2026-04-19 12:36:26
12,0,10,2026-04-19 12:36:28
12,0,10,2026-04-19 12:36:29
12,0,10,2026-04-19 12:36:30
12,0,10,2026-04-19 12:36:32
12,0,10,2026-04-19 12:36:34
12,0,10,2026-04-19 12:36:35
12,0,10,2026-04-19 12:36:36
12,0,10,2026-04-19 12:36:38
12,0,10,2026-04-19 12:36:39
12,0,10,2026-04-19 12:36:41
12,0,10,2026-04-19 12:36:42
12,0,10,2026-04-19 12:36:44
12,0,10,2026-04-19 12:36:46
12,0,10,2026-04-19 12:36:47
12,0,10,2026-04-19 12:36:48
12,0,10,2026-04-19 12:36:49
12,0,10,2026-04-19 12:36:51
12,0,10,2026-04-19 12:36:52
12,0,10,2026-04-19 12:36:54
12,0,10,2026-04-19 12:36:55
12,0,10,2026-04-19 12:36:57
12,0,10,2026-04-19 12:36:58
12,0,10,2026-04-19 12:37:00
12,0,10,2026-04-19 12:37:01
12,0,10,2026-04-19 12:37:03
12,0,10,2026-04-19 12:37:04
12,0,10,2026-04-19 12:37:07
12,0,10,2026-04-19 12:37:08
12,0,10,2026-04-19 12:37:09
12,0,10,2026-04-19 12:37:10
12,0,10,2026-04-19 12:37:12
12,0,10,2026-04-19 12:37:13
12,0,10,2026-04-19 12:37:15
12,0,10,2026-04-19 12:37:19
12,0,10,2026-04-19 12:37:19
12,0,10,2026-04-19 12:37:20
12,0,10,2026-04-19 12:37:25
12,0,10,2026-04-19 12:37:29
12,0,10,2026-04-19 12:37:33
12,0,10,2026-04-19 12:37:33
12,0,10,2026-04-19 12:37:39
12,0,10,2026-04-19 12:38:22
12,0,10,2026-04-19 12:38:24
12,0,10,2026-04-19 12:38:25
12,0,10,2026-04-19 12:38:27
12,0,10,2026-04-19 12:38:29
12,0,10,2026-04-19 12:38:30
12,0,10,2026-04-19 12:38:34
12,0,10,2026-04-19 12:38:34
12,0,10,2026-04-19 12:38:35
12,0,10,2026-04-19 12:38:37
12,0,10,2026-04-19 12:38:40
12,0,10,2026-04-19 12:38:44
12,0,10,2026-04-19 12:38:48
12,0,10,2026-04-19 12:38:50
12,0,10,2026-04-19 12:38:51
12,0,10,2026-04-19 12:38:53
12,0,10,2026-04-19 12:38:56
12,0,10,2026-04-19 12:38:57
12,0,10,2026-04-19 12:38:57
12,0,10,2026-04-19 12:39:00
12,0,10,2026-04-19 12:39:03
12,0,10,2026-04-19 12:39:03
12,0,10,2026-04-19 12:39:04
12,0,10,2026-04-19 12:39:08
12,0,10,2026-04-19 12:39:09
12,0,10,2026-04-19 12:39:09
12,1,9,2026-04-19 12:39:10
12,1,9,2026-04-19 12:39:11
12,1,9,2026-04-19 12:39:13
12,1,9,2026-04-19 12:39:14
12,1,9,2026-04-19 12:39:15
12,1,9,2026-04-19 12:39:17
12,1,9,2026-04-19 12:39:18
12,1,9,2026-04-19 12:39:20
12,1,9,2026-04-19 12:39:21
12,1,9,2026-04-19 12:39:22
12,1,9,2026-04-19 12:39:24
12,1,9,2026-04-19 12:39:25
12,1,9,2026-04-19 12:39:27
12,1,9,2026-04-19 12:39:30
12,1,9,2026-04-19 12:39:31
12,1,9,2026-04-19 12:39:32
12,1,9,2026-04-19 12:39:33
12,1,9,2026-04-19 12:39:37
12,1,9,2026-04-19 12:39:38
12,1,9,2026-04-19 12:39:38
12,1,9,2026-04-19 12:39:42
12,1,9,2026-04-19 12:39:43
12,1,9,2026-04-19 12:39:43
12,1,9,2026-04-19 12:39:47
12,1,9,2026-04-19 12:39:47
12,1,9,2026-04-19 12:39:48
12,1,9,2026-04-19 12:39:51
12,1,9,2026-04-19 12:39:52
12,1,9,2026-04-19 12:39:54
12,1,9,2026-04-19 12:39:57
12,1,9,2026-04-19 12:39:58
12,1,9,2026-04-19 12:39:58
12,1,9,2026-04-19 12:39:59
12,1,9,2026-04-19 12:40:02
12,1,9,2026-04-19 12:40:03
12,1,9,2026-04-19 12:40:03
12,1,9,2026-04-19 12:40:06
12,1,9,2026-04-19 12:40:07
12,1,9,2026-04-19 12:40:08
12,1,9,2026-04-19 12:40:10
12,1,9,2026-04-19 12:40:11
12,1,9,2026-04-19 12:40:12
12,1,9,2026-04-19 12:40:14
12,1,9,2026-04-19 12:40:15
12,1,9,2026-04-19 12:40:17
12,1,9,2026-04-19 12:40:18
12,1,9,2026-04-19 12:40:19
12,1,9,2026-04-19 12:40:21
12,1,9,2026-04-19 12:40:23
12,1,9,2026-04-19 12:40:24
12,1,9,2026-04-19 12:40:26
12,1,9,2026-04-19 12:40:27
12,1,9,2026-04-19 12:40:29
12,1,9,2026-04-19 12:40:30
12,1,9,2026-04-19 12:40:32
12,4,6,2026-04-19 12:40:33
12,2,8,2026-04-19 12:40:35
12,1,9,2026-04-19 12:40:36
12,1,9,2026-04-19 12:40:38
12,1,9,2026-04-19 12:40:39
12,1,9,2026-04-19 12:40:41
12,1,9,2026-04-19 12:40:44
12,1,9,2026-04-19 12:40:45
12,1,9,2026-04-19 12:40:46
12,1,9,2026-04-19 12:40:47
12,0,10,2026-04-19 12:56:20
12,0,10,2026-04-19 12:56:21
12,0,10,2026-04-19 12:56:25
12,0,10,2026-04-19 12:56:26
12,0,10,2026-04-19 12:56:26
12,0,10,2026-04-19 12:56:27
12,0,10,2026-04-19 12:56:29
12,0,10,2026-04-19 12:56:30
12,0,10,2026-04-19 12:56:34
12,0,10,2026-04-19 12:56:34
12,0,10,2026-04-19 12:56:35
12,0,10,2026-04-19 12:56:36
12,0,10,2026-04-19 12:56:37
12,0,10,2026-04-19 12:56:39
12,0,10,2026-04-19 12:56:40
12,0,10,2026-04-19 12:56:42
12,0,10,2026-04-19 12:56:43
12,0,10,2026-04-19 12:56:45
12,0,10,2026-04-19 12:56:50
12,0,10,2026-04-19 12:56:50
12,0,10,2026-04-19 12:56:51
12,0,10,2026-04-19 12:56:51
12,0,10,2026-04-19 12:56:53
12,0,10,2026-04-19 12:56:54
12,0,10,2026-04-19 12:56:55
12,0,10,2026-04-19 12:56:57
12,0,10,2026-04-19 12:56:58
12,0,10,2026-04-19 12:56:59
12,0,10,2026-04-19 12:57:01
12,0,10,2026-04-19 12:57:02
12,0,10,2026-04-19 12:57:03
12,0,10,2026-04-19 12:57:04
12,0,10,2026-04-19 12:57:06
12,0,10,2026-04-19 12:57:07
12,0,10,2026-04-19 12:57:08
12,0,10,2026-04-19 12:57:10
12,0,10,2026-04-19 12:57:11
12,0,10,2026-04-19 12:57:12
12,0,10,2026-04-19 12:57:14
12,0,10,2026-04-19 12:57:15
12,0,10,2026-04-19 12:57:17
12,0,10,2026-04-19 12:57:18
12,0,10,2026-04-19 12:57:20
12,0,10,2026-04-19 12:57:21
12,0,10,2026-04-19 12:57:23
12,0,10,2026-04-19 12:57:24
12,0,10,2026-04-19 12:57:26
12,0,10,2026-04-19 12:57:27
12,0,10,2026-04-19 12:57:29
12,0,10,2026-04-19 12:57:30
12,0,10,2026-04-19 12:57:32
12,0,10,2026-04-19 12:57:33
12,0,10,2026-04-19 12:57:35
12,0,10,2026-04-19 12:57:36
12,0,10,2026-04-19 12:57:38
12,0,10,2026-04-19 12:57:39
12,0,10,2026-04-19 12:57:41
12,0,10,2026-04-19 12:57:42
12,0,10,2026-04-19 12:57:44
12,0,10,2026-04-19 12:57:45
12,0,10,2026-04-19 12:57:47
12,0,10,2026-04-19 12:57:48
12,0,10,2026-04-19 12:57:50
12,0,10,2026-04-19 12:57:51
12,0,10,2026-04-19 12:57:53
12,0,10,2026-04-19 12:57:54
12,0,10,2026-04-19 12:57:56
12,0,10,2026-04-19 12:57:57
12,0,10,2026-04-19 12:57:59
12,0,10,2026-04-19 12:58:00
12,0,10,2026-04-19 12:58:02
12,0,10,2026-04-19 12:58:03
12,0,10,2026-04-19 12:58:05
12,0,10,2026-04-19 12:58:06
12,0,10,2026-04-19 12:58:08
12,0,10,2026-04-19 12:58:09
12,0,10,2026-04-19 12:58:11
12,0,10,2026-04-19 12:58:12
12,0,10,2026-04-19 12:58:14
12,0,10,2026-04-19 12:58:15
12,0,10,2026-04-19 12:58:17
12,0,10,2026-04-19 12:58:20
12,0,10,2026-04-19 12:58:21
12,0,10,2026-04-19 12:58:24
12,0,10,2026-04-19 12:58:28
12,0,10,2026-04-19 12:58:29
12,0,10,2026-04-19 12:58:29
12,0,10,2026-04-19 12:58:33
12,0,10,2026-04-19 12:58:35
12,0,10,2026-04-19 12:58:37
12,0,10,2026-04-19 12:58:40
12,0,10,2026-04-19 12:58:40
12,0,10,2026-04-19 12:58:41
12,0,10,2026-04-19 12:58:44
12,0,10,2026-04-19 12:58:44
12,0,10,2026-04-19 12:58:45
12,0,10,2026-04-19 12:58:45
12,0,10,2026-04-19 12:58:49
12,0,10,2026-04-19 12:58:50
12,0,10,2026-04-19 12:58:50
12,0,10,2026-04-19 12:58:54
12,0,10,2026-04-19 12:58:55
12,0,10,2026-04-19 12:58:55
12,0,10,2026-04-19 12:58:58
12,1,9,2026-04-19 12:58:59
12,1,9,2026-04-19 12:59:03
12,1,9,2026-04-19 12:59:03
12,1,9,2026-04-19 12:59:04
12,1,9,2026-04-19 12:59:07
12,1,9,2026-04-19 12:59:07
12,1,9,2026-04-19 12:59:08
12,1,9,2026-04-19 12:59:09
12,1,9,2026-04-19 12:59:13
12,1,9,2026-04-19 12:59:13
12,1,9,2026-04-19 12:59:14
12,1,9,2026-04-19 12:59:15
12,1,9,2026-04-19 12:59:18
12,1,9,2026-04-19 12:59:19
12,1,9,2026-04-19 12:59:22
12,1,9,2026-04-19 12:59:23
12,1,9,2026-04-19 12:59:25
12,1,9,2026-04-19 12:59:26
12,1,9,2026-04-19 12:59:27
12,1,9,2026-04-19 12:59:28
12,1,9,2026-04-19 12:59:29
12,1,9,2026-04-19 12:59:31
12,1,9,2026-04-19 12:59:32
12,1,9,2026-04-19 12:59:34
12,1,9,2026-04-19 12:59:35
12,1,9,2026-04-19 12:59:37
12,1,9,2026-04-19 12:59:39
12,1,9,2026-04-19 12:59:40
12,1,9,2026-04-19 12:59:42
12,0,10,2026-04-19 13:00:28
12,0,10,2026-04-19 13:00:30
12,0,10,2026-04-19 13:00:33
12,0,10,2026-04-19 13:00:34
12,0,10,2026-04-19 13:00:34
12,0,10,2026-04-19 13:00:36
12,0,10,2026-04-19 13:00:40
12,0,10,2026-04-19 13:00:40
12,0,10,2026-04-19 13:00:41
12,0,10,2026-04-19 13:00:42
12,0,10,2026-04-19 13:00:43
12,0,10,2026-04-19 13:00:46
12,0,10,2026-04-19 13:00:47
12,0,10,2026-04-19 13:00:48
12,0,10,2026-04-19 13:00:49
12,0,10,2026-04-19 13:00:53
12,0,10,2026-04-19 13:00:53
12,0,10,2026-04-19 13:00:54
12,0,10,2026-04-19 13:00:55
12,0,10,2026-04-19 13:00:56
12,0,10,2026-04-19 13:01:00
12,0,10,2026-04-19 13:01:00
12,0,10,2026-04-19 13:01:01
12,0,10,2026-04-19 13:01:04
12,0,10,2026-04-19 13:01:05
12,0,10,2026-04-19 13:01:06
12,0,10,2026-04-19 13:01:09
12,0,10,2026-04-19 13:01:10
12,0,10,2026-04-19 13:01:10
12,0,10,2026-04-19 13:01:12
12,0,10,2026-04-19 13:01:13
12,0,10,2026-04-19 13:01:14
12,0,10,2026-04-19 13:01:17
12,0,10,2026-04-19 13:01:19
12,0,10,2026-04-19 13:01:21
12,0,10,2026-04-19 13:01:21
12,0,10,2026-04-19 13:01:22
12,0,10,2026-04-19 13:01:23
12,0,10,2026-04-19 13:01:25
12,0,10,2026-04-19 13:01:26
12,0,10,2026-04-19 13:01:28
12,0,10,2026-04-19 13:01:29
12,0,10,2026-04-19 13:01:31
12,0,10,2026-04-19 13:01:32
12,0,10,2026-04-19 13:01:34
12,0,10,2026-04-19 13:01:35
12,0,10,2026-04-19 13:01:36
12,0,10,2026-04-19 13:01:39
12,0,10,2026-04-19 13:01:40
12,0,10,2026-04-19 13:01:44
12,0,10,2026-04-19 13:01:45
12,0,10,2026-04-19 13:01:45
12,0,10,2026-04-19 13:01:46
12,0,10,2026-04-19 13:01:47
12,0,10,2026-04-19 13:01:48
12,0,10,2026-04-19 13:01:50
12,0,10,2026-04-19 13:01:51
12,0,10,2026-04-19 13:01:52
12,0,10,2026-04-19 13:01:54
12,0,10,2026-04-19 13:01:55
12,0,10,2026-04-19 13:01:56
12,0,10,2026-04-19 13:01:58
12,0,10,2026-04-19 13:02:00
12,0,10,2026-04-19 13:02:01
12,0,10,2026-04-19 13:02:05
12,0,10,2026-04-19 13:02:07
12,0,10,2026-04-19 13:02:08
12,0,10,2026-04-19 13:02:08
12,0,10,2026-04-19 13:02:10
12,0,10,2026-04-19 13:02:11
12,0,10,2026-04-19 13:02:12
12,0,10,2026-04-19 13:02:16
12,0,10,2026-04-19 13:02:16
12,0,10,2026-04-19 13:02:17
12,0,10,2026-04-19 13:02:18
12,0,10,2026-04-19 13:03:01
12,0,10,2026-04-19 13:03:02
12,0,10,2026-04-19 13:03:04
12,0,10,2026-04-19 13:03:06
12,0,10,2026-04-19 13:03:07
12,0,10,2026-04-19 13:03:09
12,0,10,2026-04-19 13:03:10
12,0,10,2026-04-19 13:03:12
12,0,10,2026-04-19 13:03:13
12,0,10,2026-04-19 13:03:15
12,0,10,2026-04-19 13:23:33
12,0,10,2026-04-19 13:23:34
12,0,10,2026-04-19 13:23:36
12,0,10,2026-04-19 13:23:39
12,0,10,2026-04-19 13:23:40
12,2,8,2026-04-19 13:23:40
12,2,8,2026-04-19 13:23:41
12,0,10,2026-04-19 13:23:42
12,0,10,2026-04-19 13:23:44
12,0,10,2026-04-19 13:23:45
12,0,10,2026-04-19 13:23:49
12,0,10,2026-04-19 13:23:49
12,0,10,2026-04-19 13:23:50
12,0,10,2026-04-19 13:23:51
12,0,10,2026-04-19 13:23:54
12,0,10,2026-04-19 13:23:55
12,0,10,2026-04-19 13:23:56
12,0,10,2026-04-19 13:23:58
12,0,10,2026-04-19 13:23:59
12,0,10,2026-04-19 13:24:02
12,0,10,2026-04-19 13:24:03
12,0,10,2026-04-19 13:24:07
12,0,10,2026-04-19 13:24:08
12,0,10,2026-04-19 13:24:08
12,0,10,2026-04-19 13:24:09
12,0,10,2026-04-19 13:24:10
12,0,10,2026-04-19 13:24:11
12,0,10,2026-04-19 13:24:13
12,0,10,2026-04-19 13:24:16
12,0,10,2026-04-19 13:24:17
12,0,10,2026-04-19 13:24:18
12,0,10,2026-04-19 13:24:19
12,0,10,2026-04-19 13:24:21
12,0,10,2026-04-19 13:24:22
12,0,10,2026-04-19 13:24:24
12,0,10,2026-04-19 13:24:25
12,0,10,2026-04-19 13:24:30
12,0,10,2026-04-19 13:24:32
12,0,10,2026-04-19 13:24:32
12,0,10,2026-04-19 13:24:33
12,0,10,2026-04-19 13:24:33
12,0,10,2026-04-19 13:24:34
12,0,10,2026-04-19 13:24:36
12,0,10,2026-04-19 13:24:37
12,0,10,2026-04-19 13:24:39
12,0,10,2026-04-19 13:24:40
12,0,10,2026-04-19 13:24:42
12,0,10,2026-04-19 13:24:46
12,0,10,2026-04-19 13:24:47
12,0,10,2026-04-19 13:24:50
12,0,10,2026-04-19 13:24:51
12,0,10,2026-04-19 13:24:54
12,0,10,2026-04-19 13:24:55
12,0,10,2026-04-19 13:24:55
12,0,10,2026-04-19 13:24:56
12,0,10,2026-04-19 13:24:59
12,0,10,2026-04-19 13:25:02
12,0,10,2026-04-19 13:25:03
12,0,10,2026-04-19 13:25:03
12,0,10,2026-04-19 13:25:04
12,0,10,2026-04-19 13:25:04
12,0,10,2026-04-19 13:25:05
12,0,10,2026-04-19 13:25:07
12,0,10,2026-04-19 13:25:08
12,0,10,2026-04-19 13:25:09
12,0,10,2026-04-19 13:25:13
12,0,10,2026-04-19 13:25:13
12,0,10,2026-04-19 13:25:14
12,0,10,2026-04-19 13:25:17
12,0,10,2026-04-19 13:25:18
12,0,10,2026-04-19 13:25:19
12,0,10,2026-04-19 13:25:22
12,0,10,2026-04-19 13:25:22
12,0,10,2026-04-19 13:25:25
12,0,10,2026-04-19 13:25:26
12,0,10,2026-04-19 13:25:26
12,1,9,2026-04-19 13:25:28
12,1,9,2026-04-19 13:25:30
12,1,9,2026-04-19 13:25:31
12,1,9,2026-04-19 13:25:34
12,1,9,2026-04-19 13:25:35
12,1,9,2026-04-19 13:25:37
12,1,9,2026-04-19 13:25:37
12,1,9,2026-04-19 13:25:38
12,1,9,2026-04-19 13:25:42
12,1,9,2026-04-19 13:25:42
12,1,9,2026-04-19 13:25:43
12,1,9,2026-04-19 13:25:44
12,1,9,2026-04-19 13:25:49
12,1,9,2026-04-19 13:25:49
12,1,9,2026-04-19 13:25:50
12,1,9,2026-04-19 13:25:51
12,1,9,2026-04-19 13:25:55
12,1,9,2026-04-19 13:25:55
12,1,9,2026-04-19 13:25:56
12,1,9,2026-04-19 13:25:57
12,1,9,2026-04-19 13:26:01
12,1,9,2026-04-19 13:26:01
12,1,9,2026-04-19 13:26:02
12,1,9,2026-04-19 13:26:03
12,1,9,2026-04-19 13:26:06
12,1,9,2026-04-19 13:26:07
12,1,9,2026-04-19 13:26:08
12,0,10,2026-04-19 13:26:11
12,0,10,2026-04-19 13:26:12
12,0,10,2026-04-19 13:26:14
12,0,10,2026-04-19 13:26:16
12,0,10,2026-04-19 13:26:17
12,0,10,2026-04-19 13:26:17
12,0,10,2026-04-19 13:26:20
12,0,10,2026-04-19 13:26:21
12,0,10,2026-04-19 13:26:24
12,0,10,2026-04-19 13:26:25
12,0,10,2026-04-19 13:26:25
12,0,10,2026-04-19 13:26:29
12,0,10,2026-04-19 13:26:29
12,0,10,2026-04-19 13:26:30
12,0,10,2026-04-19 13:26:31
12,0,10,2026-04-19 13:26:33
12,0,10,2026-04-19 13:26:35
12,0,10,2026-04-19 13:26:38
12,0,10,2026-04-19 13:26:39
12,2,8,2026-04-19 13:38:20
12,2,8,2026-04-19 13:38:22
12,2,8,2026-04-19 13:38:24
12,2,8,2026-04-19 13:38:25
12,2,8,2026-04-19 13:38:26
12,2,8,2026-04-19 13:38:28
12,2,8,2026-04-19 13:38:29
12,2,8,2026-04-19 13:38:31
12,2,8,2026-04-19 13:38:32
12,2,8,2026-04-19 13:38:34
12,2,8,2026-04-19 13:38:36
12,2,8,2026-04-19 13:38:37
12,2,8,2026-04-19 13:38:39
12,2,8,2026-04-19 13:38:40
12,2,8,2026-04-19 13:38:42
12,2,8,2026-04-19 13:38:43
12,2,8,2026-04-19 13:38:44
12,2,8,2026-04-19 13:38:46
12,2,8,2026-04-19 13:38:48
12,2,8,2026-04-19 13:38:49
12,2,8,2026-04-19 13:38:51
12,2,8,2026-04-19 13:38:52
12,2,8,2026-04-19 13:38:53
12,2,8,2026-04-19 13:38:55
12,2,8,2026-04-19 13:38:56
12,2,8,2026-04-19 13:38:58
12,2,8,2026-04-19 13:38:59
12,2,8,2026-04-19 13:39:01
12,2,8,2026-04-19 13:39:02
12,2,8,2026-04-19 13:39:04
12,2,8,2026-04-19 13:39:06
12,2,8,2026-04-19 13:39:07
12,2,8,2026-04-19 13:39:09
12,2,8,2026-04-19 13:39:10
12,2,8,2026-04-19 13:39:12
12,2,8,2026-04-19 13:39:13
12,2,8,2026-04-19 13:39:15
12,2,8,2026-04-19 13:39:16
12,2,8,2026-04-19 13:39:18
12,2,8,2026-04-19 13:39:19
12,2,8,2026-04-19 13:39:21
12,2,8,2026-04-19 13:39:25
12,2,8,2026-04-19 13:39:26
12,2,8,2026-04-19 13:39:27
12,2,8,2026-04-19 13:39:29
12,2,8,2026-04-19 13:39:30
12,2,8,2026-04-19 13:39:31
12,2,8,2026-04-19 13:39:33
12,2,8,2026-04-19 13:39:35
12,2,8,2026-04-19 13:39:38
12,2,8,2026-04-19 13:39:39
12,2,8,2026-04-19 13:39:40
12,2,8,2026-04-19 13:39:43
12,2,8,2026-04-19 13:39:44
12,2,8,2026-04-19 13:39:45
12,3,7,2026-04-19 13:39:48
12,3,7,2026-04-19 13:39:49
12,3,7,2026-04-19 13:39:50
12,3,7,2026-04-19 13:39:50
12,3,7,2026-04-19 13:39:54
12,3,7,2026-04-19 13:39:54
12,3,7,2026-04-19 13:39:55
12,3,7,2026-04-19 13:39:58
12,3,7,2026-04-19 13:39:59
12,3,7,2026-04-19 13:40:02
12,3,7,2026-04-19 13:40:03
12,3,7,2026-04-19 13:40:04
12,3,7,2026-04-19 13:40:08
12,3,7,2026-04-19 13:40:08
12,3,7,2026-04-19 13:40:09
12,3,7,2026-04-19 13:40:10
12,3,7,2026-04-19 13:40:11
12,3,7,2026-04-19 13:40:13
12,3,7,2026-04-19 13:40:14
12,3,7,2026-04-19 13:40:15
12,3,7,2026-04-19 13:40:17
12,3,7,2026-04-19 13:40:18
12,3,7,2026-04-19 13:40:20
12,3,7,2026-04-19 13:40:21
12,3,7,2026-04-19 13:40:23
12,3,7,2026-04-19 13:40:24
12,3,7,2026-04-19 13:40:26
12,2,8,2026-04-19 13:40:29
12,2,8,2026-04-19 13:40:30
12,2,8,2026-04-19 13:40:31
12,2,8,2026-04-19 13:40:35
12,2,8,2026-04-19 13:40:35
12,2,8,2026-04-19 13:40:39
12,2,8,2026-04-19 13:40:39
12,2,8,2026-04-19 13:40:40
12,2,8,2026-04-19 13:40:44
12,2,8,2026-04-19 13:40:45
12,2,8,2026-04-19 13:40:45
12,1,9,2026-04-19 13:40:47
12,2,8,2026-04-19 13:40:49
12,2,8,2026-04-19 13:40:50
12,2,8,2026-04-19 13:40:52
12,2,8,2026-04-19 13:40:53
12,2,8,2026-04-19 13:40:55
12,2,8,2026-04-19 13:40:57
12,2,8,2026-04-19 13:40:58
12,2,8,2026-04-19 13:41:00
12,2,8,2026-04-19 13:41:01
12,2,8,2026-04-19 13:41:05
12,2,8,2026-04-19 13:41:06
12,2,8,2026-04-19 13:41:07
12,2,8,2026-04-19 13:41:08
12,2,8,2026-04-19 13:41:11
12,2,8,2026-04-19 13:41:12
12,2,8,2026-04-19 13:41:12
12,2,8,2026-04-19 13:41:14
12,2,8,2026-04-19 13:41:17
12,2,8,2026-04-19 13:41:18
12,2,8,2026-04-19 13:41:18
12,2,8,2026-04-19 13:41:19
12,2,8,2026-04-19 13:41:21
12,2,8,2026-04-19 13:41:24
12,2,8,2026-04-19 13:41:25
12,2,8,2026-04-19 13:41:26
12,2,8,2026-04-19 13:41:29
12,2,8,2026-04-19 13:41:30
12,2,8,2026-04-19 13:41:30
12,2,8,2026-04-19 13:41:33
12,2,8,2026-04-19 13:41:34
12,2,8,2026-04-19 13:41:35
12,2,8,2026-04-19 13:41:36
12,2,8,2026-04-19 13:41:39
12,2,8,2026-04-19 13:41:40
12,2,8,2026-04-19 13:41:43
12,2,8,2026-04-19 13:41:43
12,2,8,2026-04-19 13:41:44
12,2,8,2026-04-19 13:41:48
12,2,8,2026-04-19 13:41:49
12,2,8,2026-04-19 13:41:49
12,7,3,2026-04-19 13:41:51
12,2,8,2026-04-19 13:41:53
12,2,8,2026-04-19 13:41:54
12,2,8,2026-04-19 13:41:55
12,2,8,2026-04-19 13:41:57
12,2,8,2026-04-19 13:41:58
12,2,8,2026-04-19 13:42:00
12,2,8,2026-04-19 13:42:01
12,2,8,2026-04-19 13:42:03
12,2,8,2026-04-19 13:42:04
12,2,8,2026-04-19 13:42:06
12,2,8,2026-04-19 13:42:10
12,2,8,2026-04-19 13:42:11
12,2,8,2026-04-19 13:42:11
12,2,8,2026-04-19 13:42:15
12,2,8,2026-04-19 13:42:15
12,2,8,2026-04-19 13:42:16
12,2,8,2026-04-19 13:42:17
12,2,8,2026-04-19 13:42:19
12,2,8,2026-04-19 13:42:21
12,2,8,2026-04-19 13:42:22
12,2,8,2026-04-19 13:42:27
12,2,8,2026-04-19 13:42:28
12,2,8,2026-04-19 13:42:28
12,2,8,2026-04-19 13:42:31
12,2,8,2026-04-19 13:42:32
12,2,8,2026-04-19 13:42:33
12,2,8,2026-04-19 13:42:37
12,2,8,2026-04-19 13:42:38
12,2,8,2026-04-19 13:42:38
12,2,8,2026-04-19 13:42:39
12,2,8,2026-04-19 13:42:40
12,2,8,2026-04-19 13:42:41
12,2,8,2026-04-19 13:42:45
12,2,8,2026-04-19 13:42:46
12,2,8,2026-04-19 13:42:48
12,2,8,2026-04-19 13:42:50
12,2,8,2026-04-19 13:42:51
12,2,8,2026-04-19 13:42:51
12,2,8,2026-04-19 13:42:52
12,2,8,2026-04-19 13:42:54
12,2,8,2026-04-19 13:42:57
12,2,8,2026-04-19 13:42:57
12,2,8,2026-04-19 13:42:58
12,2,8,2026-04-19 13:42:59
12,2,8,2026-04-19 13:43:01
12,2,8,2026-04-19 13:43:03
12,2,8,2026-04-19 13:43:07
12,2,8,2026-04-19 13:43:07
12,2,8,2026-04-19 13:43:08
12,2,8,2026-04-19 13:43:09
12,2,8,2026-04-19 13:43:12
12,2,8,2026-04-19 13:43:13
12,2,8,2026-04-19 13:43:14
12,2,8,2026-04-19 13:43:15
12,2,8,2026-04-19 13:43:17
12,2,8,2026-04-19 13:43:18
12,2,8,2026-04-19 13:43:20
12,2,8,2026-04-19 13:43:21
12,2,8,2026-04-19 13:43:23
12,2,8,2026-04-19 13:43:25
12,2,8,2026-04-19 13:43:26
12,2,8,2026-04-19 13:43:28
12,2,8,2026-04-19 13:43:29
12,2,8,2026-04-19 13:43:30
12,2,8,2026-04-19 13:43:32
12,2,8,2026-04-19 13:43:34
12,2,8,2026-04-19 13:43:35
12,2,8,2026-04-19 13:43:37
12,2,8,2026-04-19 13:43:38
12,2,8,2026-04-19 13:43:40
12,2,8,2026-04-19 13:43:41
12,2,8,2026-04-19 13:43:43
12,2,8,2026-04-19 13:43:46
12,2,8,2026-04-19 13:43:47
12,2,8,2026-04-19 13:43:49
12,2,8,2026-04-19 13:43:50
12,2,8,2026-04-19 13:43:52
12,2,8,2026-04-19 13:43:53
12,2,8,2026-04-19 13:43:55
12,2,8,2026-04-19 13:43:56
12,2,8,2026-04-19 13:43:58
12,2,8,2026-04-19 13:43:59
12,2,8,2026-04-19 13:44:00
12,2,8,2026-04-19 13:44:02
12,2,8,2026-04-19 13:44:03
12,2,8,2026-04-19 13:44:05
12,2,8,2026-04-19 13:44:07
12,2,8,2026-04-19 13:44:08
12,2,8,2026-04-19 13:44:10
12,2,8,2026-04-19 13:44:12
12,2,8,2026-04-19 13:44:13
12,2,8,2026-04-19 13:44:17
12,2,8,2026-04-19 13:44:18
12,2,8,2026-04-19 13:44:18
12,2,8,2026-04-19 13:44:20
12,2,8,2026-04-19 13:44:22
12,2,8,2026-04-19 13:44:24
12,2,8,2026-04-19 13:44:25
12,2,8,2026-04-19 13:44:26
12,2,8,2026-04-19 13:44:28
12,2,8,2026-04-19 13:44:30
12,2,8,2026-04-19 13:44:31
12,2,8,2026-04-19 13:44:32
12,2,8,2026-04-19 13:44:33
12,2,8,2026-04-19 13:44:35
12,2,8,2026-04-19 13:44:43
12,2,8,2026-04-19 13:44:44
12,2,8,2026-04-19 13:44:44
12,2,8,2026-04-19 13:44:45
12,2,8,2026-04-19 13:44:46
12,2,8,2026-04-19 13:44:47
12,2,8,2026-04-19 13:44:48
12,2,8,2026-04-19 13:44:49
12,2,8,2026-04-19 13:44:50
12,2,8,2026-04-19 13:44:51
12,2,8,2026-04-19 13:44:52
12,2,8,2026-04-19 13:44:53
12,2,8,2026-04-19 13:44:54
12,2,8,2026-04-19 13:44:55
12,2,8,2026-04-19 13:44:56
12,2,8,2026-04-19 13:44:57
12,2,8,2026-04-19 13:44:58
12,2,8,2026-04-19 13:44:59
12,2,8,2026-04-19 13:45:00
12,2,8,2026-04-19 13:45:01
12,2,8,2026-04-19 13:45:02
12,2,8,2026-04-19 13:45:03
12,2,8,2026-04-19 13:45:04
12,2,8,2026-04-19 13:45:05
12,2,8,2026-04-19 13:45:06
12,2,8,2026-04-19 13:45:07
12,2,8,2026-04-19 13:45:08
12,2,8,2026-04-19 13:45:09
12,2,8,2026-04-19 13:45:10
12,2,8,2026-04-19 13:45:11
12,2,8,2026-04-19 13:45:12
12,2,8,2026-04-19 13:45:13
12,2,8,2026-04-19 13:45:14
12,2,8,2026-04-19 13:45:15
12,2,8,2026-04-19 13:45:16
12,2,8,2026-04-19 13:45:17
12,2,8,2026-04-19 13:45:18
12,2,8,2026-04-19 13:45:19
12,2,8,2026-04-19 13:45:20
12,2,8,2026-04-19 13:45:21
12,2,8,2026-04-19 13:45:22
12,2,8,2026-04-19 13:45:23
12,2,8,2026-04-19 13:45:24
12,2,8,2026-04-19 13:45:25
12,2,8,2026-04-19 13:45:26
12,2,8,2026-04-19 13:45:27
12,2,8,2026-04-19 13:45:28
12,2,8,2026-04-19 13:45:29
12,2,8,2026-04-19 13:45:30
12,2,8,2026-04-19 13:45:31
12,2,8,2026-04-19 13:45:32
12,2,8,2026-04-19 13:45:33
12,2,8,2026-04-19 13:45:34
12,2,8,2026-04-19 13:45:35
12,2,8,2026-04-19 13:45:36
12,2,8,2026-04-19 13:45:37
12,2,8,2026-04-19 13:45:38
12,2,8,2026-04-19 13:45:39
12,2,8,2026-04-19 13:45:40
12,2,8,2026-04-19 13:45:41
12,2,8,2026-04-19 13:45:42
12,2,8,2026-04-19 13:45:43
12,2,8,2026-04-19 13:45:44
12,2,8,2026-04-19 13:45:45
12,2,8,2026-04-19 13:45:46
12,2,8,2026-04-19 13:45:47
12,2,8,2026-04-19 13:45:48
12,2,8,2026-04-19 13:45:49
12,2,8,2026-04-19 13:45:50
12,2,8,2026-04-19 13:45:51
12,2,8,2026-04-19 13:45:52
12,2,8,2026-04-19 13:45:53
12,2,8,2026-04-19 13:45:54
12,2,8,2026-04-19 13:45:55
12,2,8,2026-04-19 13:45:56
12,2,8,2026-04-19 13:45:57
12,2,8,2026-04-19 13:45:58
12,2,8,2026-04-19 13:45:59
12,2,8,2026-04-19 13:46:00
12,2,8,2026-04-19 13:46:01
12,2,8,2026-04-19 13:46:02
12,2,8,2026-04-19 13:46:03
12,2,8,2026-04-19 13:46:04
12,2,8,2026-04-19 13:46:05
12,2,8,2026-04-19 13:46:06
12,2,8,2026-04-19 13:46:07
12,2,8,2026-04-19 13:46:08
12,2,8,2026-04-19 13:46:09
12,2,8,2026-04-19 13:46:10
12,2,8,2026-04-19 13:46:11
12,2,8,2026-04-19 13:46:12
12,2,8,2026-04-19 13:46:13
12,2,8,2026-04-19 13:46:14
12,2,8,2026-04-19 13:46:15
12,2,8,2026-04-19 13:46:16
12,2,8,2026-04-19 13:46:17
12,2,8,2026-04-19 13:46:18
12,2,8,2026-04-19 13:46:19
12,2,8,2026-04-19 13:46:20
12,2,8,2026-04-19 13:46:21
12,2,8,2026-04-19 13:46:22
12,2,8,2026-04-19 13:46:23
12,2,8,2026-04-19 13:46:24
12,2,8,2026-04-19 13:46:25
12,2,8,2026-04-19 13:46:26
12,2,8,2026-04-19 13:46:27
12,2,8,2026-04-19 13:46:28
12,2,8,2026-04-19 13:46:29
12,2,8,2026-04-19 13:46:30
12,2,8,2026-04-19 13:46:31
12,2,8,2026-04-19 13:46:32
12,2,8,2026-04-19 13:46:33
12,2,8,2026-04-19 13:46:34
12,2,8,2026-04-19 13:46:35
12,2,8,2026-04-19 13:46:36
12,2,8,2026-04-19 13:46:37
12,2,8,2026-04-19 13:46:38
12,2,8,2026-04-19 13:46:39
12,2,8,2026-04-19 13:46:40
12,2,8,2026-04-19 13:46:41
12,2,8,2026-04-19 13:46:42
12,2,8,2026-04-19 13:46:43
12,2,8,2026-04-19 13:46:44
12,2,8,2026-04-19 13:46:45
12,2,8,2026-04-19 13:46:46
12,2,8,2026-04-19 13:46:47
12,2,8,2026-04-19 13:46:48
12,2,8,2026-04-19 13:46:49
12,2,8,2026-04-19 13:46:50
12,2,8,2026-04-19 13:46:51
12,2,8,2026-04-19 13:46:52
12,2,8,2026-04-19 13:46:53
12,2,8,2026-04-19 13:46:54
12,2,8,2026-04-19 13:46:55
12,2,8,2026-04-19 13:46:56
12,2,8,2026-04-19 13:46:57
12,2,8,2026-04-19 13:46:58
12,2,8,2026-04-19 13:46:59
12,2,8,2026-04-19 13:47:00
12,2,8,2026-04-19 13:47:01
12,2,8,2026-04-19 13:47:02
12,2,8,2026-04-19 13:47:03
12,2,8,2026-04-19 13:47:04
12,2,8,2026-04-19 13:47:05
12,2,8,2026-04-19 13:47:06
12,2,8,2026-04-19 13:47:07
12,2,8,2026-04-19 13:47:08
12,2,8,2026-04-19 13:47:09
12,2,8,2026-04-19 13:47:10
12,2,8,2026-04-19 13:47:11
12,2,8,2026-04-19 13:47:12
12,2,8,2026-04-19 13:47:13
12,2,8,2026-04-19 13:47:14
12,2,8,2026-04-19 13:47:15
12,2,8,2026-04-19 13:47:16
12,2,8,2026-04-19 13:47:17
12,2,8,2026-04-19 13:47:18
12,2,8,2026-04-19 13:47:19
12,2,8,2026-04-19 13:47:20
12,2,8,2026-04-19 13:47:21
12,2,8,2026-04-19 13:47:22
12,2,8,2026-04-19 13:47:23
12,2,8,2026-04-19 13:47:24
12,2,8,2026-04-19 13:47:25
12,2,8,2026-04-19 13:47:26
12,2,8,2026-04-19 13:47:27
12,2,8,2026-04-19 13:47:28
12,2,8,2026-04-19 13:47:29
12,2,8,2026-04-19 13:47:30
12,2,8,2026-04-19 13:47:31
12,2,8,2026-04-19 13:47:32
12,2,8,2026-04-19 13:47:33
12,2,8,2026-04-19 13:47:34
12,2,8,2026-04-19 13:47:35
12,2,8,2026-04-19 13:47:36
12,2,8,2026-04-19 13:47:37
12,2,8,2026-04-19 13:47:38
12,2,8,2026-04-19 13:47:39
12,2,8,2026-04-19 13:47:40
12,2,8,2026-04-19 13:47:41
12,2,8,2026-04-19 13:47:42
12,2,8,2026-04-19 13:47:43
12,2,8,2026-04-19 13:47:44
12,2,8,2026-04-19 13:47:45
12,2,8,2026-04-19 13:47:46
12,2,8,2026-04-19 13:47:47
12,2,8,2026-04-19 13:47:48
12,2,8,2026-04-19 13:47:49
12,2,8,2026-04-19 13:47:50
12,2,8,2026-04-19 13:47:51
12,2,8,2026-04-19 13:47:52
12,2,8,2026-04-19 13:47:53
12,2,8,2026-04-19 13:47:54
12,2,8,2026-04-19 13:47:55
12,2,8,2026-04-19 13:47:56
12,2,8,2026-04-19 13:47:57
12,2,8,2026-04-19 13:47:58
12,2,8,2026-04-19 13:47:59
12,2,8,2026-04-19 13:48:00
12,2,8,2026-04-19 13:48:01
12,2,8,2026-04-19 13:48:02
12,2,8,2026-04-19 13:48:03
12,2,8,2026-04-19 13:48:04
12,2,8,2026-04-19 13:48:05
12,2,8,2026-04-19 13:48:06
12,2,8,2026-04-19 13:48:07
12,2,8,2026-04-19 13:48:08
12,2,8,2026-04-19 13:48:09
12,2,8,2026-04-19 13:48:10
12,2,8,2026-04-19 13:48:11
12,2,8,2026-04-19 13:48:12
12,2,8,2026-04-19 13:48:13
12,2,8,2026-04-19 13:48:14
12,2,8,2026-04-19 13:48:15
12,2,8,2026-04-19 13:48:16
12,2,8,2026-04-19 13:48:17
12,2,8,2026-04-19 13:48:18
12,2,8,2026-04-19 13:48:19
12,2,8,2026-04-19 13:48:20
12,2,8,2026-04-19 13:48:21
12,2,8,2026-04-19 13:48:22
12,2,8,2026-04-19 13:48:23
12,2,8,2026-04-19 13:48:24
12,2,8,2026-04-19 13:48:25
12,2,8,2026-04-19 13:48:26
12,2,8,2026-04-19 13:48:27
12,2,8,2026-04-19 13:48:28
12,2,8,2026-04-19 13:48:30
12,2,8,2026-04-19 13:48:30
12,2,8,2026-04-19 13:48:31
12,2,8,2026-04-19 13:48:32
12,2,8,2026-04-19 13:48:33
12,2,8,2026-04-19 13:48:34
12,2,8,2026-04-19 13:48:35
12,2,8,2026-04-19 13:48:36
12,2,8,2026-04-19 13:48:37
12,2,8,2026-04-19 13:48:38
12,2,8,2026-04-19 13:48:39
12,2,8,2026-04-19 13:48:40
12,2,8,2026-04-19 13:48:41
12,2,8,2026-04-19 13:48:42
12,2,8,2026-04-19 13:48:43
12,2,8,2026-04-19 13:48:44
12,2,8,2026-04-19 13:48:45
12,2,8,2026-04-19 13:48:46
12,2,8,2026-04-19 13:48:47
12,2,8,2026-04-19 13:48:48
12,2,8,2026-04-19 13:48:49
12,2,8,2026-04-19 13:48:50
12,2,8,2026-04-19 13:48:51
12,2,8,2026-04-19 13:48:52
12,2,8,2026-04-19 13:48:53
12,2,8,2026-04-19 13:48:54
12,2,8,2026-04-19 13:48:55
12,2,8,2026-04-19 13:48:56
12,2,8,2026-04-19 13:48:57
12,2,8,2026-04-19 13:48:58
12,2,8,2026-04-19 13:48:59
12,2,8,2026-04-19 13:49:00
12,2,8,2026-04-19 13:49:01
12,2,8,2026-04-19 13:49:02
12,2,8,2026-04-19 13:49:03
12,2,8,2026-04-19 13:49:04
12,2,8,2026-04-19 13:49:05
12,2,8,2026-04-19 13:49:06
12,2,8,2026-04-19 13:49:07
12,2,8,2026-04-19 13:49:08
12,2,8,2026-04-19 13:49:09
12,2,8,2026-04-19 13:49:10
12,2,8,2026-04-19 13:49:11
12,2,8,2026-04-19 13:49:12
12,2,8,2026-04-19 13:49:13
12,2,8,2026-04-19 13:49:14
12,2,8,2026-04-19 13:49:15
12,2,8,2026-04-19 13:49:16
12,2,8,2026-04-19 13:49:17
12,2,8,2026-04-19 13:49:18
12,2,8,2026-04-19 13:49:19
12,2,8,2026-04-19 13:49:20
12,2,8,2026-04-19 13:49:21
12,2,8,2026-04-19 13:49:22
12,2,8,2026-04-19 13:49:23
12,2,8,2026-04-19 13:49:24
12,2,8,2026-04-19 13:49:25
12,2,8,2026-04-19 13:49:26
12,2,8,2026-04-19 13:49:27
12,2,8,2026-04-19 13:49:28
12,2,8,2026-04-19 13:49:29
12,2,8,2026-04-19 13:49:30
12,2,8,2026-04-19 13:49:31
12,2,8,2026-04-19 13:49:32
12,2,8,2026-04-19 13:49:33
12,2,8,2026-04-19 13:49:34
12,2,8,2026-04-19 13:49:35
12,2,8,2026-04-19 13:49:36
12,2,8,2026-04-19 13:49:37
12,2,8,2026-04-19 13:49:38
12,2,8,2026-04-19 13:49:39
12,2,8,2026-04-19 13:49:40
12,2,8,2026-04-19 13:49:41
12,2,8,2026-04-19 13:49:42
12,2,8,2026-04-19 13:49:43
12,2,8,2026-04-19 13:49:44
12,2,8,2026-04-19 13:49:45
12,2,8,2026-04-19 13:49:46
12,2,8,2026-04-19 13:49:47
12,2,8,2026-04-19 13:49:48
12,2,8,2026-04-19 13:49:49
12,2,8,2026-04-19 13:49:50
12,2,8,2026-04-19 13:49:51
12,2,8,2026-04-19 13:49:52
12,2,8,2026-04-19 13:49:53
12,2,8,2026-04-19 13:49:54
12,2,8,2026-04-19 13:49:55
12,2,8,2026-04-19 13:49:56
12,2,8,2026-04-19 13:49:57
12,2,8,2026-04-19 13:49:58
12,2,8,2026-04-19 13:49:59
12,2,8,2026-04-19 13:50:00
12,2,8,2026-04-19 13:50:01
12,2,8,2026-04-19 13:50:02
12,2,8,2026-04-19 13:50:03
12,2,8,2026-04-19 13:50:04
12,2,8,2026-04-19 13:50:05
12,2,8,2026-04-19 13:50:06
12,2,8,2026-04-19 13:50:07
12,2,8,2026-04-19 13:50:08
12,2,8,2026-04-19 13:50:09
12,2,8,2026-04-19 13:50:10
12,2,8,2026-04-19 13:50:11
12,2,8,2026-04-19 13:50:12
12,2,8,2026-04-19 13:50:13
12,2,8,2026-04-19 13:50:14
12,2,8,2026-04-19 13:50:15
12,2,8,2026-04-19 13:50:16
12,2,8,2026-04-19 13:50:17
12,2,8,2026-04-19 13:50:18
12,2,8,2026-04-19 13:50:19
12,2,8,2026-04-19 13:50:20
12,2,8,2026-04-19 13:50:21
12,2,8,2026-04-19 13:50:22
12,2,8,2026-04-19 13:50:23
12,2,8,2026-04-19 13:50:24
12,2,8,2026-04-19 13:50:25
12,2,8,2026-04-19 13:50:26
12,2,8,2026-04-19 13:50:27
12,2,8,2026-04-19 13:50:28
12,2,8,2026-04-19 13:50:29
12,2,8,2026-04-19 13:50:30
12,2,8,2026-04-19 13:50:31
12,2,8,2026-04-19 13:50:32
12,2,8,2026-04-19 13:50:33
12,2,8,2026-04-19 13:50:34
12,2,8,2026-04-19 13:50:35
12,2,8,2026-04-19 13:50:36
12,2,8,2026-04-19 13:50:37
12,2,8,2026-04-19 13:50:38
12,2,8,2026-04-19 13:50:39
12,2,8,2026-04-19 13:50:40
12,2,8,2026-04-19 13:50:41
12,2,8,2026-04-19 13:50:42
12,2,8,2026-04-19 13:50:43
12,2,8,2026-04-19 13:50:44
12,2,8,2026-04-19 13:50:45
12,2,8,2026-04-19 13:50:46
12,2,8,2026-04-19 13:50:47
12,2,8,2026-04-19 13:50:48
12,2,8,2026-04-19 13:50:49
12,2,8,2026-04-19 13:50:50
12,2,8,2026-04-19 13:50:51
12,2,8,2026-04-19 13:50:52
12,2,8,2026-04-19 13:50:53
12,2,8,2026-04-19 13:50:54
12,2,8,2026-04-19 13:50:55
12,2,8,2026-04-19 13:50:56
12,2,8,2026-04-19 13:50:57
12,2,8,2026-04-19 13:50:58
12,2,8,2026-04-19 13:50:59
12,2,8,2026-04-19 13:51:00
12,2,8,2026-04-19 13:51:01
12,2,8,2026-04-19 13:51:02
12,2,8,2026-04-19 13:51:03
12,2,8,2026-04-19 13:51:04
12,2,8,2026-04-19 13:51:05
12,2,8,2026-04-19 13:51:06
12,2,8,2026-04-19 13:51:07
12,2,8,2026-04-19 13:51:08
12,2,8,2026-04-19 13:51:09
12,2,8,2026-04-19 13:51:10
12,2,8,2026-04-19 13:51:11
12,2,8,2026-04-19 13:51:12
12,2,8,2026-04-19 13:57:55
12,2,8,2026-04-19 13:57:56
12,2,8,2026-04-19 13:57:57
12,2,8,2026-04-19 13:57:58
12,2,8,2026-04-19 13:57:59
12,2,8,2026-04-19 13:58:00
12,2,8,2026-04-19 13:58:01
12,2,8,2026-04-19 13:58:02
12,2,8,2026-04-19 13:58:03
12,2,8,2026-04-19 13:58:04
12,2,8,2026-04-19 13:58:05
12,2,8,2026-04-19 13:58:06
12,2,8,2026-04-19 13:58:07
12,2,8,2026-04-19 13:58:08
12,2,8,2026-04-19 13:58:09
12,2,8,2026-04-19 13:58:10
12,2,8,2026-04-19 13:58:11
12,2,8,2026-04-19 13:58:12
12,2,8,2026-04-19 13:58:13
12,2,8,2026-04-19 13:58:14
12,2,8,2026-04-19 13:58:15
12,2,8,2026-04-19 13:58:16
12,2,8,2026-04-19 13:58:17
12,2,8,2026-04-19 13:58:18
12,2,8,2026-04-19 13:58:20
12,2,8,2026-04-19 13:58:21
12,2,8,2026-04-19 13:58:22
12,2,8,2026-04-19 13:58:23
12,2,8,2026-04-19 13:58:24
12,2,8,2026-04-19 13:58:25
12,2,8,2026-04-19 13:58:26
12,2,8,2026-04-19 13:58:27
12,2,8,2026-04-19 13:58:28
12,2,8,2026-04-19 13:58:29
12,2,8,2026-04-19 13:58:30
12,2,8,2026-04-19 13:58:31
12,2,8,2026-04-19 13:58:32
12,2,8,2026-04-19 13:58:33
12,2,8,2026-04-19 13:58:34
12,2,8,2026-04-19 13:58:35
12,2,8,2026-04-19 13:58:36
12,2,8,2026-04-19 13:58:38
12,2,8,2026-04-19 13:58:38
12,2,8,2026-04-19 13:58:39
12,2,8,2026-04-19 13:58:40
12,2,8,2026-04-19 13:58:41
12,2,8,2026-04-19 13:58:42
12,2,8,2026-04-19 13:58:43
12,2,8,2026-04-19 13:58:44
12,2,8,2026-04-19 13:58:45
12,2,8,2026-04-19 13:58:46
12,2,8,2026-04-19 13:58:47
12,2,8,2026-04-19 13:58:48
12,2,8,2026-04-19 13:58:49
12,2,8,2026-04-19 13:58:50
12,2,8,2026-04-19 13:58:51
12,2,8,2026-04-19 13:58:52
12,2,8,2026-04-19 13:58:53
12,2,8,2026-04-19 13:58:54
12,2,8,2026-04-19 13:58:55
12,2,8,2026-04-19 13:58:56
12,2,8,2026-04-19 13:59:03
12,2,8,2026-04-19 13:59:04
12,2,8,2026-04-19 13:59:05
12,2,8,2026-04-19 13:59:06
12,2,8,2026-04-19 13:59:07
12,2,8,2026-04-19 13:59:08
12,2,8,2026-04-19 13:59:09
12,2,8,2026-04-19 13:59:10
12,2,8,2026-04-19 13:59:11
12,2,8,2026-04-19 13:59:12
12,2,8,2026-04-19 13:59:13
12,2,8,2026-04-19 13:59:14
12,2,8,2026-04-19 13:59:15
12,2,8,2026-04-19 13:59:16
12,2,8,2026-04-19 13:59:17
12,2,8,2026-04-19 13:59:18
12,2,8,2026-04-19 13:59:19
12,2,8,2026-04-19 13:59:20
12,2,8,2026-04-19 13:59:21
12,2,8,2026-04-19 13:59:22
12,2,8,2026-04-19 13:59:23
12,2,8,2026-04-19 13:59:24
12,2,8,2026-04-19 13:59:25
12,2,8,2026-04-19 13:59:26
12,2,8,2026-04-19 13:59:27
12,2,8,2026-04-19 13:59:28
12,2,8,2026-04-19 13:59:29
12,2,8,2026-04-19 13:59:30
12,2,8,2026-04-19 13:59:31
12,2,8,2026-04-19 13:59:32
12,2,8,2026-04-19 13:59:33
12,2,8,2026-04-19 13:59:34
12,2,8,2026-04-19 13:59:35
12,2,8,2026-04-19 13:59:36
12,2,8,2026-04-19 13:59:37
12,2,8,2026-04-19 13:59:38
12,2,8,2026-04-19 13:59:39
12,2,8,2026-04-19 13:59:41
12,2,8,2026-04-19 13:59:41
12,2,8,2026-04-19 13:59:42
12,2,8,2026-04-19 13:59:43
12,2,8,2026-04-19 13:59:44
12,2,8,2026-04-19 13:59:45
12,2,8,2026-04-19 13:59:46
12,2,8,2026-04-19 13:59:47
12,2,8,2026-04-19 13:59:48
12,2,8,2026-04-19 13:59:49
12,2,8,2026-04-19 13:59:50
12,2,8,2026-04-19 13:59:51
12,2,8,2026-04-19 13:59:52
12,2,8,2026-04-19 13:59:53
12,2,8,2026-04-19 13:59:54
12,2,8,2026-04-19 13:59:55
12,2,8,2026-04-19 13:59:56
12,2,8,2026-04-19 13:59:57
12,2,8,2026-04-19 13:59:58
12,2,8,2026-04-19 13:59:59
12,2,8,2026-04-19 14:00:00
12,2,8,2026-04-19 14:00:01
12,2,8,2026-04-19 14:00:02
12,2,8,2026-04-19 14:00:03
12,2,8,2026-04-19 14:00:04
12,2,8,2026-04-19 14:00:05
12,2,8,2026-04-19 14:00:06
12,2,8,2026-04-19 14:00:07
12,2,8,2026-04-19 14:00:08
12,2,8,2026-04-19 14:00:09
12,2,8,2026-04-19 14:00:10
12,2,8,2026-04-19 14:00:11
12,2,8,2026-04-19 14:00:12
12,2,8,2026-04-19 14:00:13
12,2,8,2026-04-19 14:00:14
12,2,8,2026-04-19 14:00:15
12,3,7,2026-04-19 14:00:16
12,3,7,2026-04-19 14:00:17
12,3,7,2026-04-19 14:00:18
12,3,7,2026-04-19 14:00:19
12,3,7,2026-04-19 14:00:20
12,3,7,2026-04-19 14:00:21
12,3,7,2026-04-19 14:00:22
12,3,7,2026-04-19 14:00:23
12,3,7,2026-04-19 14:00:24
12,3,7,2026-04-19 14:00:25
12,2,8,2026-04-19 14:00:26
12,2,8,2026-04-19 14:00:27
12,3,7,2026-04-19 14:00:28
12,3,7,2026-04-19 14:00:29
12,3,7,2026-04-19 14:00:30
12,3,7,2026-04-19 14:00:31
12,3,7,2026-04-19 14:00:32
12,3,7,2026-04-19 14:00:33
12,3,7,2026-04-19 14:00:34
12,3,7,2026-04-19 14:00:35
12,2,8,2026-04-19 14:03:27
12,2,8,2026-04-19 14:03:28
12,2,8,2026-04-19 14:03:29
12,2,8,2026-04-19 14:03:30
12,2,8,2026-04-19 14:03:31
12,2,8,2026-04-19 14:03:32
12,2,8,2026-04-19 14:03:33
12,2,8,2026-04-19 14:03:34
12,2,8,2026-04-19 14:03:35
12,2,8,2026-04-19 14:03:36
12,2,8,2026-04-19 14:03:37
12,2,8,2026-04-19 14:03:38
12,2,8,2026-04-19 14:03:39
12,2,8,2026-04-19 14:03:40
12,2,8,2026-04-19 14:03:41
12,2,8,2026-04-19 14:03:42
12,2,8,2026-04-19 14:03:43
12,2,8,2026-04-19 14:03:44
12,2,8,2026-04-19 14:03:45
12,2,8,2026-04-19 14:03:46
12,2,8,2026-04-19 14:03:47
12,2,8,2026-04-19 14:03:48
12,2,8,2026-04-19 14:03:49
12,2,8,2026-04-19 14:03:50
12,2,8,2026-04-19 14:03:51
12,2,8,2026-04-19 14:03:52
12,2,8,2026-04-19 14:03:54
12,2,8,2026-04-19 14:03:55
12,2,8,2026-04-19 14:03:56
12,2,8,2026-04-19 14:03:57
12,2,8,2026-04-19 14:03:58
12,2,8,2026-04-19 14:03:59
12,2,8,2026-04-19 14:04:00
12,2,8,2026-04-19 14:04:01
12,2,8,2026-04-19 14:04:02
12,2,8,2026-04-19 14:04:03
12,2,8,2026-04-19 14:04:04
12,2,8,2026-04-19 14:04:05
12,2,8,2026-04-19 14:04:06
12,2,8,2026-04-19 14:04:07
12,2,8,2026-04-19 14:04:08
12,2,8,2026-04-19 14:04:09
12,2,8,2026-04-19 14:04:10
12,2,8,2026-04-19 14:04:11
12,2,8,2026-04-19 14:04:12
12,2,8,2026-04-19 14:04:13
12,2,8,2026-04-19 14:04:14
12,2,8,2026-04-19 14:04:15
12,2,8,2026-04-19 14:04:16
12,2,8,2026-04-19 14:04:17
12,2,8,2026-04-19 14:04:18
12,2,8,2026-04-19 14:04:19
12,2,8,2026-04-19 14:04:20
12,2,8,2026-04-19 14:04:21
12,0,10,2026-04-20 17:03:58
12,0,10,2026-04-20 17:03:59
12,0,10,2026-04-20 17:04:00
12,0,10,2026-04-20 17:04:01
12,0,10,2026-04-20 17:04:02
12,0,10,2026-04-20 17:04:03
12,0,10,2026-04-20 17:04:04
12,0,10,2026-04-20 17:04:05
12,0,10,2026-04-20 17:04:06
12,0,10,2026-04-20 17:04:08
12,0,10,2026-04-20 17:04:09
12,0,10,2026-04-20 17:04:09
12,0,10,2026-04-20 17:04:19
12,0,10,2026-04-20 17:04:20
12,0,10,2026-04-20 17:04:24
12,0,10,2026-04-20 17:04:25
12,0,10,2026-04-20 17:04:26
12,0,10,2026-04-20 17:04:33
12,0,10,2026-04-20 17:04:39
12,0,10,2026-04-20 17:04:42
12,0,10,2026-04-20 17:04:43
12,0,10,2026-04-20 17:04:45
12,0,10,2026-04-20 17:04:49
12,0,10,2026-04-20 17:04:50
12,0,10,2026-04-20 17:04:51
12,0,10,2026-04-20 17:05:06
12,0,10,2026-04-20 17:05:07
12,0,10,2026-04-20 17:05:15
12,1,9,2026-04-20 17:05:30
12,1,9,2026-04-20 17:05:31
12,1,9,2026-04-20 17:05:32
12,1,9,2026-04-20 17:05:35
12,1,9,2026-04-20 17:05:36
12,1,9,2026-04-20 17:05:48
12,1,9,2026-04-20 17:05:50
12,1,9,2026-04-20 17:05:52
12,1,9,2026-04-20 17:05:54
12,1,9,2026-04-20 17:05:55
12,1,9,2026-04-20 17:05:56
12,1,9,2026-04-20 17:05:57
12,1,9,2026-04-20 17:05:59
12,1,9,2026-04-20 17:06:05
12,1,9,2026-04-20 17:06:11
12,1,9,2026-04-20 17:06:16
12,1,9,2026-04-20 17:06:17
12,1,9,2026-04-20 17:06:19
12,1,9,2026-04-20 17:06:20
12,1,9,2026-04-20 17:06:21
12,1,9,2026-04-20 17:06:22
12,1,9,2026-04-20 17:06:26
12,1,9,2026-04-20 17:06:28
12,1,9,2026-04-20 17:06:29
12,1,9,2026-04-20 17:06:34
12,1,9,2026-04-20 17:06:39
12,1,9,2026-04-20 17:06:49
12,1,9,2026-04-20 17:06:53
12,1,9,2026-04-20 17:06:57
12,1,9,2026-04-20 17:06:58
12,1,9,2026-04-20 17:07:00
12,1,9,2026-04-20 17:07:06
12,1,9,2026-04-20 17:07:07
12,1,9,2026-04-20 17:07:08
12,1,9,2026-04-20 17:07:13
12,1,9,2026-04-20 17:07:16
12,1,9,2026-04-20 17:07:21
12,0,10,2026-04-20 17:14:16
12,0,10,2026-04-20 17:14:17
12,0,10,2026-04-20 17:14:18
12,0,10,2026-04-20 17:14:19
12,0,10,2026-04-20 17:14:20
12,0,10,2026-04-20 17:14:21
12,0,10,2026-04-20 17:14:22
12,0,10,2026-04-20 17:14:24
12,0,10,2026-04-20 17:14:24
12,0,10,2026-04-20 17:14:25
12,0,10,2026-04-20 17:14:26
12,0,10,2026-04-20 17:14:28
12,0,10,2026-04-20 17:14:29
12,0,10,2026-04-20 17:14:30
12,0,10,2026-04-20 17:14:32
12,0,10,2026-04-20 17:14:36
12,0,10,2026-04-20 17:14:39
12,0,10,2026-04-20 17:14:40
12,0,10,2026-04-20 17:14:41
12,0,10,2026-04-20 17:14:46
12,0,10,2026-04-20 17:14:57
12,0,10,2026-04-20 17:14:58
12,0,10,2026-04-20 17:15:01
12,0,10,2026-04-20 17:15:03
12,0,10,2026-04-20 17:15:06
12,0,10,2026-04-20 17:15:07
12,0,10,2026-04-20 17:15:10
12,0,10,2026-04-20 17:15:15
12,1,9,2026-04-20 17:15:16
12,1,9,2026-04-20 17:15:17
12,1,9,2026-04-20 17:15:25
12,1,9,2026-04-20 17:15:30
12,1,9,2026-04-20 17:15:38
12,1,9,2026-04-20 17:15:40
12,1,9,2026-04-20 17:15:50
12,1,9,2026-04-20 17:15:51
12,1,9,2026-04-20 17:15:52
12,1,9,2026-04-20 17:15:53
12,1,9,2026-04-20 17:16:09
12,1,9,2026-04-20 17:16:11
12,1,9,2026-04-20 17:16:15
12,1,9,2026-04-20 17:16:17
12,1,9,2026-04-20 17:16:28
12,1,9,2026-04-20 17:16:29
12,1,9,2026-04-20 17:16:29
12,1,9,2026-04-20 17:16:31
12,1,9,2026-04-20 17:16:35
12,1,9,2026-04-20 17:16:40
12,1,9,2026-04-20 17:16:47
12,2,8,2026-04-20 17:16:54
12,2,8,2026-04-20 17:16:56
12,2,8,2026-04-20 17:16:58
12,2,8,2026-04-20 17:16:59
12,2,8,2026-04-20 17:17:00
12,2,8,2026-04-20 17:17:03
12,2,8,2026-04-20 17:17:09
12,2,8,2026-04-20 17:17:10
12,2,8,2026-04-20 17:17:15
12,2,8,2026-04-20 17:17:16
12,1,9,2026-04-20 17:17:22
12,1,9,2026-04-20 17:17:23
12,2,8,2026-04-20 17:17:28
12,2,8,2026-04-20 17:17:31
12,2,8,2026-04-20 17:17:34
12,2,8,2026-04-20 17:17:37
12,2,8,2026-04-20 17:17:38
12,2,8,2026-04-20 17:17:44
12,2,8,2026-04-20 17:17:47
12,1,9,2026-04-20 17:17:53
12,1,9,2026-04-20 17:17:55
12,1,9,2026-04-20 17:17:57
12,2,8,2026-04-20 17:18:01
12,1,9,2026-04-20 17:18:04
12,1,9,2026-04-20 17:18:07
12,1,9,2026-04-20 17:18:10
12,1,9,2026-04-20 17:18:11
12,1,9,2026-04-20 17:18:12
12,1,9,2026-04-20 17:18:20
12,1,9,2026-04-20 17:18:21
12,1,9,2026-04-20 17:18:29
12,1,9,2026-04-20 17:18:31
12,1,9,2026-04-20 17:18:35
12,1,9,2026-04-20 17:18:37
12,1,9,2026-04-20 17:18:43
12,1,9,2026-04-20 17:18:48
12,1,9,2026-04-20 17:18:51
12,1,9,2026-04-20 17:18:54
12,1,9,2026-04-20 17:18:57
12,1,9,2026-04-20 17:18:59
12,1,9,2026-04-20 17:19:01
12,1,9,2026-04-20 17:19:03
12,1,9,2026-04-20 17:19:04
12,1,9,2026-04-20 17:19:05
12,1,9,2026-04-20 17:19:07
12,1,9,2026-04-20 17:19:15
12,1,9,2026-04-20 17:19:25
12,1,9,2026-04-20 17:19:26
12,1,9,2026-04-20 17:19:28
12,1,9,2026-04-20 17:19:29
12,1,9,2026-04-20 17:19:39
12,0,10,2026-04-20 17:19:40
12,0,10,2026-04-20 17:19:42
12,0,10,2026-04-20 17:19:44
12,0,10,2026-04-20 17:19:45
12,0,10,2026-04-20 17:55:00
12,0,10,2026-04-20 17:55:01
12,0,10,2026-04-20 17:55:02
12,0,10,2026-04-20 17:55:03
12,0,10,2026-04-20 17:55:04
12,0,10,2026-04-20 17:55:05
12,0,10,2026-04-20 17:55:06
12,0,10,2026-04-20 17:55:07
12,0,10,2026-04-20 17:55:08
12,0,10,2026-04-20 17:55:09
12,0,10,2026-04-20 17:55:10
12,0,10,2026-04-20 17:55:11
12,0,10,2026-04-20 17:55:12
12,0,10,2026-04-20 17:55:13
12,0,10,2026-04-20 17:55:14
12,0,10,2026-04-20 17:55:15
12,0,10,2026-04-20 17:55:16
12,0,10,2026-04-20 17:55:17
12,0,10,2026-04-20 17:55:19
12,0,10,2026-04-20 17:55:20
12,0,10,2026-04-20 17:55:21
12,0,10,2026-04-20 17:55:22
12,0,10,2026-04-20 17:55:23
12,0,10,2026-04-20 17:55:25
12,0,10,2026-04-20 17:55:26
12,0,10,2026-04-20 17:55:27
12,0,10,2026-04-20 17:55:28
12,0,10,2026-04-20 17:55:29
12,0,10,2026-04-20 17:55:30
12,0,10,2026-04-20 17:55:31
12,0,10,2026-04-20 17:55:32
12,0,10,2026-04-20 17:55:33
12,0,10,2026-04-20 17:55:34
12,0,10,2026-04-20 17:55:35
12,0,10,2026-04-20 17:55:36
12,0,10,2026-04-20 17:55:37
12,0,10,2026-04-20 17:55:38
12,0,10,2026-04-20 17:55:39
12,0,10,2026-04-20 17:55:40
12,0,10,2026-04-20 17:55:41
12,1,9,2026-04-20 17:55:42
12,1,9,2026-04-20 17:55:43
12,1,9,2026-04-20 17:55:44
12,1,9,2026-04-20 17:55:45
12,1,9,2026-04-20 17:55:46
12,1,9,2026-04-20 17:55:47
12,1,9,2026-04-20 17:55:48
12,1,9,2026-04-20 17:55:49
12,1,9,2026-04-20 17:55:50
12,1,9,2026-04-20 17:55:51
12,1,9,2026-04-20 17:55:52
12,1,9,2026-04-20 17:55:53
12,1,9,2026-04-20 17:55:54
12,1,9,2026-04-20 17:55:55
12,1,9,2026-04-20 17:55:56
12,1,9,2026-04-20 17:55:57
12,1,9,2026-04-20 17:55:58
12,1,9,2026-04-20 17:55:59
12,1,9,2026-04-20 17:56:00
12,1,9,2026-04-20 17:56:01
12,1,9,2026-04-20 17:56:02
12,1,9,2026-04-20 17:56:03
12,1,9,2026-04-20 17:56:04
12,1,9,2026-04-20 17:56:05
12,1,9,2026-04-20 17:56:06
12,1,9,2026-04-20 17:56:07
12,1,9,2026-04-20 17:56:08
12,1,9,2026-04-20 17:56:09
12,1,9,2026-04-20 17:56:10
12,1,9,2026-04-20 17:56:11
12,1,9,2026-04-20 17:56:12
12,1,9,2026-04-20 17:56:13
12,1,9,2026-04-20 17:56:14
12,1,9,2026-04-20 17:56:15
12,1,9,2026-04-20 17:56:16
12,1,9,2026-04-20 17:56:17
12,1,9,2026-04-20 17:56:18
12,1,9,2026-04-20 17:56:19
12,1,9,2026-04-20 17:56:20
12,1,9,2026-04-20 17:56:21
12,1,9,2026-04-20 17:56:22
12,1,9,2026-04-20 17:56:23
12,1,9,2026-04-20 17:56:24
12,1,9,2026-04-20 17:56:25
12,1,9,2026-04-20 17:56:26
12,1,9,2026-04-20 17:56:27
12,1,9,2026-04-20 17:56:28
12,1,9,2026-04-20 17:56:30
12,1,9,2026-04-20 17:56:31
12,1,9,2026-04-20 17:56:31
12,1,9,2026-04-20 17:56:33
12,1,9,2026-04-20 17:56:34
12,1,9,2026-04-20 17:56:34
12,1,9,2026-04-20 17:56:36
12,1,9,2026-04-20 17:56:37
12,1,9,2026-04-20 17:56:38
12,1,9,2026-04-20 17:56:39
12,1,9,2026-04-20 17:56:40
12,1,9,2026-04-20 17:56:41
12,1,9,2026-04-20 17:56:42
12,1,9,2026-04-20 17:56:43
12,1,9,2026-04-20 17:56:45
12,1,9,2026-04-20 17:56:45
12,1,9,2026-04-20 17:56:46
12,1,9,2026-04-20 17:56:47
12,1,9,2026-04-20 17:56:48
12,1,9,2026-04-20 17:56:49
12,1,9,2026-04-20 17:56:54
12,1,9,2026-04-20 17:56:56
12,1,9,2026-04-20 17:56:57
12,1,9,2026-04-20 17:56:58
12,1,9,2026-04-20 17:56:59
12,1,9,2026-04-20 17:57:00
12,1,9,2026-04-20 17:57:01
12,1,9,2026-04-20 17:57:02
12,1,9,2026-04-20 17:57:03
12,1,9,2026-04-20 17:57:04
12,1,9,2026-04-20 17:57:05
12,1,9,2026-04-20 17:57:06
12,1,9,2026-04-20 17:57:07
12,1,9,2026-04-20 17:57:08
12,1,9,2026-04-20 17:57:09
12,1,9,2026-04-20 17:57:10
12,1,9,2026-04-20 17:57:16
12,2,8,2026-04-20 17:57:19
12,2,8,2026-04-20 17:57:24
12,2,8,2026-04-20 17:57:27
12,2,8,2026-04-20 17:57:29
12,2,8,2026-04-20 17:57:31
12,2,8,2026-04-20 17:57:32
12,2,8,2026-04-20 17:57:33
12,2,8,2026-04-20 17:57:43
12,2,8,2026-04-20 17:57:44
12,2,8,2026-04-20 17:57:46
12,2,8,2026-04-20 17:57:49
12,2,8,2026-04-20 17:57:51
12,2,8,2026-04-20 17:57:52
12,2,8,2026-04-20 17:57:55
12,2,8,2026-04-20 17:57:56
12,2,8,2026-04-20 17:58:03
12,2,8,2026-04-20 17:58:05
12,2,8,2026-04-20 17:58:09
12,2,8,2026-04-20 17:58:10
12,2,8,2026-04-20 17:58:11
12,2,8,2026-04-20 17:58:12
12,2,8,2026-04-20 17:58:14
12,1,9,2026-04-20 17:58:20
12,1,9,2026-04-20 17:58:26
12,1,9,2026-04-20 17:58:28
12,2,8,2026-04-20 17:58:31
12,1,9,2026-04-20 17:58:33
12,1,9,2026-04-20 17:58:36
12,1,9,2026-04-20 17:58:39
12,1,9,2026-04-20 17:58:41
12,1,9,2026-04-20 17:58:43
12,1,9,2026-04-20 17:58:49
12,1,9,2026-04-20 17:58:51
12,1,9,2026-04-20 17:58:54
12,1,9,2026-04-20 17:58:55
12,1,9,2026-04-20 17:59:00
12,1,9,2026-04-20 17:59:01
12,1,9,2026-04-20 17:59:09
12,1,9,2026-04-20 17:59:11
12,1,9,2026-04-20 17:59:16
12,1,9,2026-04-20 17:59:22
12,1,9,2026-04-20 17:59:23
12,1,9,2026-04-20 17:59:26
12,1,9,2026-04-20 17:59:27
12,1,9,2026-04-20 17:59:28
12,1,9,2026-04-20 17:59:37
12,1,9,2026-04-20 17:59:49
12,1,9,2026-04-20 18:00:03
12,1,9,2026-04-20 18:00:08
12,1,9,2026-04-20 18:00:10
12,1,9,2026-04-20 18:00:13
12,1,9,2026-04-20 18:00:14
12,1,9,2026-04-20 18:00:16
12,1,9,2026-04-20 18:00:17
12,1,9,2026-04-20 18:00:18
12,1,9,2026-04-20 18:00:25
12,0,10,2026-04-20 18:21:39
12,0,10,2026-04-20 18:21:40
12,0,10,2026-04-20 18:21:42
12,0,10,2026-04-20 18:21:43
12,0,10,2026-04-20 18:21:44
12,0,10,2026-04-20 18:21:48
12,0,10,2026-04-20 18:21:55
12,0,10,2026-04-20 18:21:56
12,0,10,2026-04-20 18:21:57
12,0,10,2026-04-20 18:21:59
12,0,10,2026-04-20 18:22:03
12,0,10,2026-04-20 18:22:07
12,0,10,2026-04-20 18:22:14
12,0,10,2026-04-20 18:22:16
12,0,10,2026-04-20 18:22:17
12,0,10,2026-04-20 18:22:24
12,0,10,2026-04-20 18:22:24
12,0,10,2026-04-20 18:22:28
12,1,9,2026-04-20 18:22:31
12,1,9,2026-04-20 18:22:32
12,1,9,2026-04-20 18:22:33
12,1,9,2026-04-20 18:22:35
12,1,9,2026-04-20 18:22:38
12,1,9,2026-04-20 18:22:43
12,1,9,2026-04-20 18:22:44
12,1,9,2026-04-20 18:22:58
12,1,9,2026-04-20 18:23:01
12,1,9,2026-04-20 18:23:04
12,1,9,2026-04-20 18:23:09
12,1,9,2026-04-20 18:23:11
12,1,9,2026-04-20 18:23:11
12,1,9,2026-04-20 18:23:13
12,1,9,2026-04-20 18:23:14
12,1,9,2026-04-20 18:23:17
12,1,9,2026-04-20 18:23:18
12,1,9,2026-04-20 18:23:19
12,1,9,2026-04-20 18:23:19
12,1,9,2026-04-20 18:23:31
12,1,9,2026-04-20 18:23:32
12,1,9,2026-04-20 18:23:33
12,1,9,2026-04-20 18:23:40
12,1,9,2026-04-20 18:24:05
12,1,9,2026-04-20 18:24:08
12,1,9,2026-04-20 18:24:10
12,1,9,2026-04-20 18:24:18
12,1,9,2026-04-20 18:24:31
12,1,9,2026-04-20 18:24:33
12,1,9,2026-04-20 18:24:35
12,2,8,2026-04-20 18:24:45
12,2,8,2026-04-20 18:24:52
12,2,8,2026-04-20 18:24:54
12,2,8,2026-04-20 18:24:55
12,2,8,2026-04-20 18:24:56
12,2,8,2026-04-20 18:24:58
12,2,8,2026-04-20 18:25:04
12,2,8,2026-04-20 18:25:04
12,2,8,2026-04-20 18:25:06
12,2,8,2026-04-20 18:25:15
12,2,8,2026-04-20 18:25:16
12,2,8,2026-04-20 18:25:23
12,2,8,2026-04-20 18:25:26
12,1,9,2026-04-20 18:25:39
12,1,9,2026-04-20 18:25:41
12,1,9,2026-04-20 18:25:41
12,1,9,2026-04-20 18:25:55
12,1,9,2026-04-20 18:25:59
12,1,9,2026-04-20 18:26:00
12,1,9,2026-04-20 18:26:02
12,1,9,2026-04-20 18:26:10
12,1,9,2026-04-20 18:26:20
12,1,9,2026-04-20 18:26:32
12,1,9,2026-04-20 18:26:36
12,1,9,2026-04-20 18:26:40
12,1,9,2026-04-20 18:26:41
12,1,9,2026-04-20 18:26:43
12,1,9,2026-04-20 18:26:47
12,1,9,2026-04-20 18:26:48
12,1,9,2026-04-20 18:26:52
12,1,9,2026-04-20 18:26:55
12,1,9,2026-04-20 18:26:56
12,1,9,2026-04-20 18:26:57
12,1,9,2026-04-20 18:26:59
12,1,9,2026-04-20 18:27:00
12,1,9,2026-04-20 18:27:09
12,1,9,2026-04-20 18:27:17
12,2,8,2026-04-20 18:27:27
12,0,10,2026-04-20 18:27:28
12,0,10,2026-04-20 18:27:29
12,0,10,2026-04-20 18:29:11
12,0,10,2026-04-20 18:29:12
12,0,10,2026-04-20 18:29:13
12,0,10,2026-04-20 18:29:15
12,0,10,2026-04-20 18:29:20
12,0,10,2026-04-20 18:29:30
12,0,10,2026-04-20 18:29:40
12,0,10,2026-04-20 18:29:42
12,0,10,2026-04-20 18:29:43
12,0,10,2026-04-20 18:29:44
12,0,10,2026-04-20 18:29:45
12,1,9,2026-04-20 18:30:04
12,1,9,2026-04-20 18:30:09
12,1,9,2026-04-20 18:30:12
12,1,9,2026-04-20 18:30:14
12,1,9,2026-04-20 18:30:17
12,1,9,2026-04-20 18:30:19
12,1,9,2026-04-20 18:30:22
12,1,9,2026-04-20 18:30:24
12,1,9,2026-04-20 18:30:26
12,1,9,2026-04-20 18:30:27
12,1,9,2026-04-20 18:30:27
12,1,9,2026-04-20 18:30:36
12,1,9,2026-04-20 18:30:38
12,1,9,2026-04-20 18:30:39
12,1,9,2026-04-20 18:30:44
12,1,9,2026-04-20 18:30:45
12,1,9,2026-04-20 18:30:49
12,1,9,2026-04-20 18:30:51
12,1,9,2026-04-20 18:30:53
12,1,9,2026-04-20 18:31:00
12,1,9,2026-04-20 18:31:05
12,1,9,2026-04-20 18:31:18
12,1,9,2026-04-20 18:31:20
12,1,9,2026-04-20 18:31:24
12,1,9,2026-04-20 18:31:31
12,1,9,2026-04-20 18:31:36
12,1,9,2026-04-20 18:31:44
12,1,9,2026-04-20 18:31:54
12,2,8,2026-04-20 18:31:57
12,2,8,2026-04-20 18:31:59
12,2,8,2026-04-20 18:32:01
12,2,8,2026-04-20 18:32:05
12,2,8,2026-04-20 18:32:05
12,2,8,2026-04-20 18:32:06
12,2,8,2026-04-20 18:32:09
12,2,8,2026-04-20 18:32:15
12,2,8,2026-04-20 18:32:16
12,2,8,2026-04-20 18:32:25
12,1,9,2026-04-20 18:32:26
12,1,9,2026-04-20 18:32:28
12,1,9,2026-04-20 18:32:29
12,1,9,2026-04-20 18:32:34
12,1,9,2026-04-20 18:32:35
12,1,9,2026-04-20 18:32:39
12,1,9,2026-04-20 18:32:40
12,1,9,2026-04-20 18:32:42
12,1,9,2026-04-20 18:32:45
12,1,9,2026-04-20 18:32:56
12,1,9,2026-04-20 18:32:59
12,1,9,2026-04-20 18:32:59
12,1,9,2026-04-20 18:33:00
12,1,9,2026-04-20 18:33:02
12,1,9,2026-04-20 18:33:06
12,1,9,2026-04-20 18:33:09
12,1,9,2026-04-20 18:33:11
12,1,9,2026-04-20 18:33:14
12,1,9,2026-04-20 18:33:16
12,1,9,2026-04-20 18:33:20
12,1,9,2026-04-20 18:33:22
12,1,9,2026-04-20 18:33:24
12,1,9,2026-04-20 18:33:26
12,1,9,2026-04-20 18:33:29
12,1,9,2026-04-20 18:33:31
12,1,9,2026-04-20 18:33:32
12,1,9,2026-04-20 18:33:33
12,1,9,2026-04-20 18:33:35
12,1,9,2026-04-20 18:33:37
12,1,9,2026-04-20 18:33:38
12,1,9,2026-04-20 18:33:39
12,1,9,2026-04-20 18:33:40
12,1,9,2026-04-20 18:33:41
12,1,9,2026-04-20 18:33:42
12,1,9,2026-04-20 18:33:43
12,1,9,2026-04-20 18:33:44
12,1,9,2026-04-20 18:33:45
12,1,9,2026-04-20 18:33:46
12,1,9,2026-04-20 18:33:47
12,1,9,2026-04-20 18:33:48
12,1,9,2026-04-20 18:33:49
12,1,9,2026-04-20 18:33:50
12,1,9,2026-04-20 18:33:51
12,1,9,2026-04-20 18:33:54
12,1,9,2026-04-20 18:33:55
12,1,9,2026-04-20 18:33:56
12,1,9,2026-04-20 18:33:59
12,1,9,2026-04-20 18:34:04
12,10,0,2026-04-20 19:09:11
12,10,0,2026-04-20 19:09:12
12,10,0,2026-04-20 19:09:13
12,10,0,2026-04-20 19:09:14
12,10,0,2026-04-20 19:09:15
12,10,0,2026-04-20 19:09:16
12,10,0,2026-04-20 19:09:17
12,10,0,2026-04-20 19:09:18
12,10,0,2026-04-20 19:09:19
12,10,0,2026-04-20 19:09:20
12,10,0,2026-04-20 19:09:21
12,10,0,2026-04-20 19:09:22
12,10,0,2026-04-20 19:09:23
12,10,0,2026-04-20 19:09:24
12,10,0,2026-04-20 19:09:25
12,10,0,2026-04-20 19:09:26
12,10,0,2026-04-20 19:09:27
12,10,0,2026-04-20 19:09:28
12,10,0,2026-04-20 19:09:29
12,10,0,2026-04-20 19:09:30
12,10,0,2026-04-20 19:09:31
12,10,0,2026-04-20 19:09:32
12,10,0,2026-04-20 19:09:33
12,10,0,2026-04-20 19:09:34
12,10,0,2026-04-20 19:09:35
12,10,0,2026-04-20 19:09:36
12,10,0,2026-04-20 19:09:50
